0.000000E+00, -0.000000E+00, -2.970893E-01, 
1.728156E-03, -2.236068E-02, -2.965836E-01, 
3.456312E-03, -3.163069E-02, -2.960779E-01, 
5.184468E-03, -3.874921E-02, -2.955723E-01, 
6.912624E-03, -4.475494E-02, -2.950667E-01, 
8.640780E-03, -5.005008E-02, -2.945611E-01, 
1.036894E-02, -5.484085E-02, -2.940555E-01, 
1.209709E-02, -5.924974E-02, -2.935499E-01, 
1.382525E-02, -6.335652E-02, -2.930443E-01, 
1.555340E-02, -6.721661E-02, -2.925387E-01, 
1.728156E-02, -7.087032E-02, -2.920331E-01, 
1.900972E-02, -7.434809E-02, -2.915276E-01, 
2.073787E-02, -7.767356E-02, -2.910221E-01, 
2.246603E-02, -8.086554E-02, -2.905165E-01, 
2.419418E-02, -8.393925E-02, -2.900110E-01, 
2.592234E-02, -8.690725E-02, -2.895055E-01, 
2.765049E-02, -8.978003E-02, -2.890000E-01, 
2.937865E-02, -9.256645E-02, -2.884945E-01, 
3.110681E-02, -9.527411E-02, -2.879890E-01, 
3.283496E-02, -9.790953E-02, -2.874835E-01, 
3.456312E-02, -1.004784E-01, -2.869781E-01, 
3.629127E-02, -1.029857E-01, -2.864726E-01, 
3.801943E-02, -1.054359E-01, -2.859672E-01, 
3.974759E-02, -1.078328E-01, -2.854617E-01, 
4.147574E-02, -1.101799E-01, -2.849563E-01, 
4.320390E-02, -1.124803E-01, -2.844508E-01, 
4.493205E-02, -1.147369E-01, -2.839454E-01, 
4.666021E-02, -1.169522E-01, -2.834400E-01, 
4.838837E-02, -1.191284E-01, -2.829346E-01, 
5.011652E-02, -1.212678E-01, -2.824292E-01, 
5.184468E-02, -1.233722E-01, -2.819238E-01, 
5.357283E-02, -1.254434E-01, -2.814184E-01, 
5.530099E-02, -1.274830E-01, -2.809130E-01, 
5.702915E-02, -1.294924E-01, -2.804076E-01, 
5.875730E-02, -1.314732E-01, -2.799022E-01, 
6.048546E-02, -1.334266E-01, -2.793969E-01, 
6.221361E-02, -1.353537E-01, -2.788915E-01, 
6.394177E-02, -1.372556E-01, -2.783861E-01, 
6.566992E-02, -1.391335E-01, -2.778808E-01, 
6.739808E-02, -1.409882E-01, -2.773754E-01, 
6.912624E-02, -1.428207E-01, -2.768700E-01, 
7.085439E-02, -1.446318E-01, -2.763647E-01, 
7.258255E-02, -1.464224E-01, -2.758593E-01, 
7.431070E-02, -1.481931E-01, -2.753540E-01, 
7.603886E-02, -1.499446E-01, -2.748486E-01, 
7.776702E-02, -1.516777E-01, -2.743433E-01, 
7.949517E-02, -1.533930E-01, -2.738379E-01, 
8.122333E-02, -1.550910E-01, -2.733326E-01, 
8.295148E-02, -1.567724E-01, -2.728272E-01, 
8.467964E-02, -1.584376E-01, -2.723219E-01, 
8.640780E-02, -1.600871E-01, -2.718165E-01, 
8.813595E-02, -1.617215E-01, -2.713112E-01, 
8.986411E-02, -1.633412E-01, -2.708058E-01, 
9.159226E-02, -1.649466E-01, -2.703005E-01, 
9.332042E-02, -1.665382E-01, -2.697951E-01, 
9.504858E-02, -1.681163E-01, -2.692898E-01, 
9.677673E-02, -1.696814E-01, -2.687844E-01, 
9.850489E-02, -1.712337E-01, -2.682791E-01, 
1.002330E-01, -1.727737E-01, -2.677737E-01, 
1.019612E-01, -1.743016E-01, -2.672683E-01, 
1.036894E-01, -1.758178E-01, -2.667630E-01, 
1.054175E-01, -1.773226E-01, -2.662576E-01, 
1.071457E-01, -1.788162E-01, -2.657523E-01, 
1.088738E-01, -1.802990E-01, -2.652469E-01, 
1.106020E-01, -1.817712E-01, -2.647415E-01, 
1.123301E-01, -1.832331E-01, -2.642361E-01, 
1.140583E-01, -1.846849E-01, -2.637307E-01, 
1.157864E-01, -1.861269E-01, -2.632253E-01, 
1.175146E-01, -1.875593E-01, -2.627200E-01, 
1.192428E-01, -1.889822E-01, -2.622146E-01, 
1.209709E-01, -1.903960E-01, -2.617092E-01, 
1.226991E-01, -1.918008E-01, -2.612037E-01, 
1.244272E-01, -1.931969E-01, -2.606983E-01, 
1.261554E-01, -1.945844E-01, -2.601929E-01, 
1.278835E-01, -1.959634E-01, -2.596875E-01, 
1.296117E-01, -1.973343E-01, -2.591820E-01, 
1.313398E-01, -1.986971E-01, -2.586766E-01, 
1.330680E-01, -2.000520E-01, -2.581711E-01, 
1.347962E-01, -2.013992E-01, -2.576657E-01, 
1.365243E-01, -2.027388E-01, -2.571602E-01, 
1.382525E-01, -2.040710E-01, -2.566547E-01, 
1.399806E-01, -2.053960E-01, -2.561493E-01, 
1.417088E-01, -2.067138E-01, -2.556438E-01, 
1.434369E-01, -2.080246E-01, -2.551383E-01, 
1.451651E-01, -2.093286E-01, -2.546328E-01, 
1.468933E-01, -2.106259E-01, -2.541272E-01, 
1.486214E-01, -2.119165E-01, -2.536217E-01, 
1.503496E-01, -2.132007E-01, -2.531162E-01, 
1.520777E-01, -2.144785E-01, -2.526106E-01, 
1.538059E-01, -2.157501E-01, -2.521051E-01, 
1.555340E-01, -2.170156E-01, -2.515995E-01, 
1.572622E-01, -2.182750E-01, -2.510939E-01, 
1.589903E-01, -2.195285E-01, -2.505883E-01, 
1.607185E-01, -2.207762E-01, -2.500827E-01, 
1.624467E-01, -2.220182E-01, -2.495771E-01, 
1.641748E-01, -2.232546E-01, -2.490715E-01, 
1.659030E-01, -2.244854E-01, -2.485658E-01, 
1.676311E-01, -2.257108E-01, -2.480602E-01, 
1.693593E-01, -2.269309E-01, -2.475545E-01, 
1.710874E-01, -2.281457E-01, -2.470488E-01, 
1.728156E-01, -2.293554E-01, -2.465431E-01, 
1.745437E-01, -2.305600E-01, -2.460374E-01, 
1.762719E-01, -2.317595E-01, -2.455317E-01, 
1.780001E-01, -2.329542E-01, -2.450259E-01, 
1.797282E-01, -2.341440E-01, -2.445202E-01, 
1.814564E-01, -2.353290E-01, -2.440144E-01, 
1.831845E-01, -2.365094E-01, -2.435086E-01, 
1.849127E-01, -2.376851E-01, -2.430028E-01, 
1.866408E-01, -2.388562E-01, -2.424970E-01, 
1.883690E-01, -2.400229E-01, -2.419911E-01, 
1.900972E-01, -2.411852E-01, -2.414853E-01, 
1.918253E-01, -2.423431E-01, -2.409794E-01, 
1.935535E-01, -2.434967E-01, -2.404735E-01, 
1.952816E-01, -2.446461E-01, -2.399676E-01, 
1.970098E-01, -2.457913E-01, -2.394617E-01, 
1.987379E-01, -2.469324E-01, -2.389558E-01, 
2.004661E-01, -2.480695E-01, -2.384498E-01, 
2.021942E-01, -2.492025E-01, -2.379438E-01, 
2.039224E-01, -2.503317E-01, -2.374378E-01, 
2.056506E-01, -2.514570E-01, -2.369318E-01, 
2.073787E-01, -2.525784E-01, -2.364258E-01, 
2.091069E-01, -2.536961E-01, -2.359197E-01, 
2.108350E-01, -2.548100E-01, -2.354137E-01, 
2.125632E-01, -2.559203E-01, -2.349076E-01, 
2.142913E-01, -2.570270E-01, -2.344015E-01, 
2.160195E-01, -2.581301E-01, -2.338953E-01, 
2.177476E-01, -2.592296E-01, -2.333892E-01, 
2.194758E-01, -2.603257E-01, -2.328830E-01, 
2.212040E-01, -2.614184E-01, -2.323768E-01, 
2.229321E-01, -2.625076E-01, -2.318706E-01, 
2.246603E-01, -2.635936E-01, -2.313643E-01, 
2.263884E-01, -2.646762E-01, -2.308580E-01, 
2.281166E-01, -2.657555E-01, -2.303518E-01, 
2.298447E-01, -2.668317E-01, -2.298454E-01, 
2.315729E-01, -2.679046E-01, -2.293391E-01, 
2.333010E-01, -2.689745E-01, -2.288327E-01, 
2.350292E-01, -2.700412E-01, -2.283263E-01, 
2.367574E-01, -2.711049E-01, -2.278199E-01, 
2.384855E-01, -2.721655E-01, -2.273135E-01, 
2.402137E-01, -2.732232E-01, -2.268070E-01, 
2.419418E-01, -2.742779E-01, -2.263006E-01, 
2.436700E-01, -2.753297E-01, -2.257940E-01, 
2.453981E-01, -2.763786E-01, -2.252875E-01, 
2.471263E-01, -2.774247E-01, -2.247809E-01, 
2.488545E-01, -2.784680E-01, -2.242744E-01, 
2.505826E-01, -2.795085E-01, -2.237677E-01, 
2.523108E-01, -2.805463E-01, -2.232611E-01, 
2.540389E-01, -2.815813E-01, -2.227544E-01, 
2.557671E-01, -2.826137E-01, -2.222477E-01, 
2.574952E-01, -2.836434E-01, -2.217410E-01, 
2.592234E-01, -2.846705E-01, -2.212342E-01, 
2.609515E-01, -2.856950E-01, -2.207275E-01, 
2.626797E-01, -2.867169E-01, -2.202206E-01, 
2.644079E-01, -2.877364E-01, -2.197138E-01, 
2.661360E-01, -2.887533E-01, -2.192069E-01, 
2.678642E-01, -2.897677E-01, -2.187000E-01, 
2.695923E-01, -2.907797E-01, -2.181931E-01, 
2.713205E-01, -2.917893E-01, -2.176861E-01, 
2.730486E-01, -2.927965E-01, -2.171791E-01, 
2.747768E-01, -2.938013E-01, -2.166721E-01, 
2.765049E-01, -2.948038E-01, -2.161651E-01, 
2.782331E-01, -2.958040E-01, -2.156580E-01, 
2.799613E-01, -2.968019E-01, -2.151509E-01, 
2.816894E-01, -2.977975E-01, -2.146437E-01, 
2.834176E-01, -2.987909E-01, -2.141365E-01, 
2.851457E-01, -2.997821E-01, -2.136293E-01, 
2.868739E-01, -3.007710E-01, -2.131221E-01, 
2.886020E-01, -3.017578E-01, -2.126148E-01, 
2.903302E-01, -3.027425E-01, -2.121075E-01, 
2.920584E-01, -3.037251E-01, -2.116001E-01, 
2.937865E-01, -3.047055E-01, -2.110927E-01, 
2.955147E-01, -3.056839E-01, -2.105853E-01, 
2.972428E-01, -3.066602E-01, -2.100779E-01, 
2.989710E-01, -3.076344E-01, -2.095704E-01, 
3.006991E-01, -3.086067E-01, -2.090628E-01, 
3.024273E-01, -3.095770E-01, -2.085553E-01, 
3.041554E-01, -3.105453E-01, -2.080477E-01, 
3.058836E-01, -3.115116E-01, -2.075401E-01, 
3.076118E-01, -3.124760E-01, -2.070324E-01, 
3.093399E-01, -3.134385E-01, -2.065247E-01, 
3.110681E-01, -3.143991E-01, -2.060170E-01, 
3.127962E-01, -3.153578E-01, -2.055092E-01, 
3.145244E-01, -3.163147E-01, -2.050014E-01, 
3.162525E-01, -3.172697E-01, -2.044935E-01, 
3.179807E-01, -3.182229E-01, -2.039856E-01, 
3.197088E-01, -3.191743E-01, -2.034777E-01, 
3.214370E-01, -3.201239E-01, -2.029697E-01, 
3.231652E-01, -3.210718E-01, -2.024617E-01, 
3.248933E-01, -3.220179E-01, -2.019536E-01, 
3.266215E-01, -3.229623E-01, -2.014456E-01, 
3.283496E-01, -3.239049E-01, -2.009374E-01, 
3.300778E-01, -3.248459E-01, -2.004293E-01, 
3.318059E-01, -3.257852E-01, -1.999210E-01, 
3.335341E-01, -3.267228E-01, -1.994128E-01, 
3.352622E-01, -3.276588E-01, -1.989045E-01, 
3.369904E-01, -3.285931E-01, -1.983962E-01, 
3.387186E-01, -3.295258E-01, -1.978878E-01, 
3.404467E-01, -3.304569E-01, -1.973794E-01, 
3.421749E-01, -3.313864E-01, -1.968709E-01, 
3.439030E-01, -3.323144E-01, -1.963624E-01, 
3.456312E-01, -3.332408E-01, -1.958538E-01, 
3.473593E-01, -3.341656E-01, -1.953452E-01, 
3.490875E-01, -3.350889E-01, -1.948366E-01, 
3.508157E-01, -3.360108E-01, -1.943279E-01, 
3.525438E-01, -3.369311E-01, -1.938192E-01, 
3.542720E-01, -3.378499E-01, -1.933104E-01, 
3.560001E-01, -3.387672E-01, -1.928016E-01, 
3.577283E-01, -3.396831E-01, -1.922927E-01, 
3.594564E-01, -3.405976E-01, -1.917838E-01, 
3.611846E-01, -3.415106E-01, -1.912749E-01, 
3.629127E-01, -3.424222E-01, -1.907659E-01, 
3.646409E-01, -3.433323E-01, -1.902568E-01, 
3.663691E-01, -3.442411E-01, -1.897477E-01, 
3.680972E-01, -3.451485E-01, -1.892386E-01, 
3.698254E-01, -3.460546E-01, -1.887294E-01, 
3.715535E-01, -3.469593E-01, -1.882202E-01, 
3.732817E-01, -3.478626E-01, -1.877109E-01, 
3.750098E-01, -3.487646E-01, -1.872016E-01, 
3.767380E-01, -3.496653E-01, -1.866922E-01, 
3.784661E-01, -3.505647E-01, -1.861828E-01, 
3.801943E-01, -3.514628E-01, -1.856733E-01, 
3.819225E-01, -3.523596E-01, -1.851637E-01, 
3.836506E-01, -3.532552E-01, -1.846542E-01, 
3.853788E-01, -3.541494E-01, -1.841445E-01, 
3.871069E-01, -3.550425E-01, -1.836348E-01, 
3.888351E-01, -3.559342E-01, -1.831251E-01, 
3.905632E-01, -3.568248E-01, -1.826153E-01, 
3.922914E-01, -3.577142E-01, -1.821055E-01, 
3.940195E-01, -3.586023E-01, -1.815956E-01, 
3.957477E-01, -3.594892E-01, -1.810857E-01, 
3.974759E-01, -3.603750E-01, -1.805757E-01, 
3.992040E-01, -3.612596E-01, -1.800656E-01, 
4.009322E-01, -3.621430E-01, -1.795555E-01, 
4.026603E-01, -3.630252E-01, -1.790454E-01, 
4.043885E-01, -3.639064E-01, -1.785352E-01, 
4.061166E-01, -3.647864E-01, -1.780249E-01, 
4.078448E-01, -3.656652E-01, -1.775146E-01, 
4.095730E-01, -3.665430E-01, -1.770042E-01, 
4.113011E-01, -3.674196E-01, -1.764938E-01, 
4.130293E-01, -3.682951E-01, -1.759833E-01, 
4.147574E-01, -3.691696E-01, -1.754728E-01, 
4.164856E-01, -3.700430E-01, -1.749622E-01, 
4.182137E-01, -3.709153E-01, -1.744515E-01, 
4.199419E-01, -3.717866E-01, -1.739408E-01, 
4.216700E-01, -3.726568E-01, -1.734300E-01, 
4.233982E-01, -3.735260E-01, -1.729192E-01, 
4.251264E-01, -3.743941E-01, -1.724083E-01, 
4.268545E-01, -3.752612E-01, -1.718974E-01, 
4.285827E-01, -3.761273E-01, -1.713864E-01, 
4.303108E-01, -3.769924E-01, -1.708753E-01, 
4.320390E-01, -3.778565E-01, -1.703642E-01, 
4.337671E-01, -3.787196E-01, -1.698531E-01, 
4.354953E-01, -3.795818E-01, -1.693418E-01, 
4.372234E-01, -3.804430E-01, -1.688305E-01, 
4.389516E-01, -3.813032E-01, -1.683192E-01, 
4.406798E-01, -3.821624E-01, -1.678078E-01, 
4.424079E-01, -3.830207E-01, -1.672963E-01, 
4.441361E-01, -3.838781E-01, -1.667847E-01, 
4.458642E-01, -3.847345E-01, -1.662731E-01, 
4.475924E-01, -3.855900E-01, -1.657615E-01, 
4.493205E-01, -3.864446E-01, -1.652498E-01, 
4.510487E-01, -3.872983E-01, -1.647380E-01, 
4.527769E-01, -3.881511E-01, -1.642261E-01, 
4.545050E-01, -3.890030E-01, -1.637142E-01, 
4.562332E-01, -3.898541E-01, -1.632022E-01, 
4.579613E-01, -3.907042E-01, -1.626902E-01, 
4.596895E-01, -3.915535E-01, -1.621781E-01, 
4.614176E-01, -3.924019E-01, -1.616659E-01, 
4.631458E-01, -3.932494E-01, -1.611537E-01, 
4.648739E-01, -3.940962E-01, -1.606414E-01, 
4.666021E-01, -3.949420E-01, -1.601290E-01, 
4.683303E-01, -3.957871E-01, -1.596166E-01, 
4.700584E-01, -3.966313E-01, -1.591041E-01, 
4.717866E-01, -3.974747E-01, -1.585915E-01, 
4.735147E-01, -3.983172E-01, -1.580789E-01, 
4.752429E-01, -3.991590E-01, -1.575662E-01, 
4.769710E-01, -4.000000E-01, -1.570534E-01, 
4.786992E-01, -4.008402E-01, -1.565406E-01, 
4.804273E-01, -4.016796E-01, -1.560277E-01, 
4.821555E-01, -4.025182E-01, -1.555147E-01, 
4.838837E-01, -4.033561E-01, -1.550017E-01, 
4.856118E-01, -4.041931E-01, -1.544885E-01, 
4.873400E-01, -4.050295E-01, -1.539754E-01, 
4.890681E-01, -4.058650E-01, -1.534621E-01, 
4.907963E-01, -4.066999E-01, -1.529488E-01, 
4.925244E-01, -4.075339E-01, -1.524354E-01, 
4.942526E-01, -4.083673E-01, -1.519219E-01, 
4.959807E-01, -4.091999E-01, -1.514084E-01, 
4.977089E-01, -4.100318E-01, -1.508948E-01, 
4.994371E-01, -4.108630E-01, -1.503811E-01, 
5.011652E-01, -4.116935E-01, -1.498674E-01, 
5.028934E-01, -4.125233E-01, -1.493535E-01, 
5.046215E-01, -4.133523E-01, -1.488397E-01, 
5.063497E-01, -4.141807E-01, -1.483257E-01, 
5.080778E-01, -4.150084E-01, -1.478116E-01, 
5.098060E-01, -4.158354E-01, -1.472975E-01, 
5.115342E-01, -4.166618E-01, -1.467833E-01, 
5.132623E-01, -4.174875E-01, -1.462691E-01, 
5.149905E-01, -4.183125E-01, -1.457547E-01, 
5.167186E-01, -4.191368E-01, -1.452403E-01, 
5.184468E-01, -4.199605E-01, -1.447258E-01, 
5.201749E-01, -4.207836E-01, -1.442112E-01, 
5.219031E-01, -4.216060E-01, -1.436966E-01, 
5.236312E-01, -4.224278E-01, -1.431819E-01, 
5.253594E-01, -4.232489E-01, -1.426671E-01, 
5.270876E-01, -4.240695E-01, -1.421522E-01, 
5.288157E-01, -4.248894E-01, -1.416372E-01, 
5.305439E-01, -4.257087E-01, -1.411222E-01, 
5.322720E-01, -4.265273E-01, -1.406071E-01, 
5.340002E-01, -4.273454E-01, -1.400919E-01, 
5.357283E-01, -4.281629E-01, -1.395766E-01, 
5.374565E-01, -4.289798E-01, -1.390613E-01, 
5.391846E-01, -4.297961E-01, -1.385458E-01, 
5.409128E-01, -4.306118E-01, -1.380303E-01, 
5.426410E-01, -4.314270E-01, -1.375147E-01, 
5.443691E-01, -4.322415E-01, -1.369991E-01, 
5.460973E-01, -4.330555E-01, -1.364833E-01, 
5.478254E-01, -4.338690E-01, -1.359675E-01, 
5.495536E-01, -4.346818E-01, -1.354516E-01, 
5.512817E-01, -4.354942E-01, -1.349356E-01, 
5.530099E-01, -4.363059E-01, -1.344195E-01, 
5.547380E-01, -4.371172E-01, -1.339033E-01, 
5.564662E-01, -4.379279E-01, -1.333871E-01, 
5.581944E-01, -4.387380E-01, -1.328707E-01, 
5.599225E-01, -4.395477E-01, -1.323543E-01, 
5.616507E-01, -4.403568E-01, -1.318378E-01, 
5.633788E-01, -4.411653E-01, -1.313212E-01, 
5.651070E-01, -4.419734E-01, -1.308046E-01, 
5.668351E-01, -4.427810E-01, -1.302878E-01, 
5.685633E-01, -4.435880E-01, -1.297709E-01, 
5.702915E-01, -4.443946E-01, -1.292540E-01, 
5.720196E-01, -4.452006E-01, -1.287370E-01, 
5.737478E-01, -4.460062E-01, -1.282199E-01, 
5.754759E-01, -4.468112E-01, -1.277027E-01, 
5.772041E-01, -4.476158E-01, -1.271854E-01, 
5.789322E-01, -4.484199E-01, -1.266681E-01, 
5.806604E-01, -4.492236E-01, -1.261506E-01, 
5.823885E-01, -4.500267E-01, -1.256331E-01, 
5.841167E-01, -4.508294E-01, -1.251154E-01, 
5.858449E-01, -4.516316E-01, -1.245977E-01, 
5.875730E-01, -4.524334E-01, -1.240799E-01, 
5.893012E-01, -4.532347E-01, -1.235620E-01, 
5.910293E-01, -4.540356E-01, -1.230440E-01, 
5.927575E-01, -4.548360E-01, -1.225259E-01, 
5.944856E-01, -4.556359E-01, -1.220077E-01, 
5.962138E-01, -4.564355E-01, -1.214894E-01, 
5.979419E-01, -4.572346E-01, -1.209711E-01, 
5.996701E-01, -4.580332E-01, -1.204526E-01, 
6.013983E-01, -4.588315E-01, -1.199341E-01, 
6.031264E-01, -4.596293E-01, -1.194154E-01, 
6.048546E-01, -4.604267E-01, -1.188967E-01, 
6.065827E-01, -4.612237E-01, -1.183779E-01, 
6.083109E-01, -4.620202E-01, -1.178590E-01, 
6.100390E-01, -4.628164E-01, -1.173399E-01, 
6.117672E-01, -4.636122E-01, -1.168208E-01, 
6.134954E-01, -4.644075E-01, -1.163016E-01, 
6.152235E-01, -4.652025E-01, -1.157823E-01, 
6.169517E-01, -4.659971E-01, -1.152629E-01, 
6.186798E-01, -4.667913E-01, -1.147434E-01, 
6.204080E-01, -4.675851E-01, -1.142238E-01, 
6.221361E-01, -4.683785E-01, -1.137041E-01, 
6.238643E-01, -4.691716E-01, -1.131843E-01, 
6.255924E-01, -4.699642E-01, -1.126645E-01, 
6.273206E-01, -4.707565E-01, -1.121445E-01, 
6.290488E-01, -4.715485E-01, -1.116244E-01, 
6.307769E-01, -4.723401E-01, -1.111042E-01, 
6.325051E-01, -4.731313E-01, -1.105839E-01, 
6.342332E-01, -4.739221E-01, -1.100635E-01, 
6.359614E-01, -4.747127E-01, -1.095431E-01, 
6.376895E-01, -4.755028E-01, -1.090225E-01, 
6.394177E-01, -4.762927E-01, -1.085018E-01, 
6.411458E-01, -4.770821E-01, -1.079810E-01, 
6.428740E-01, -4.778713E-01, -1.074601E-01, 
6.446022E-01, -4.786601E-01, -1.069391E-01, 
6.463303E-01, -4.794486E-01, -1.064180E-01, 
6.480585E-01, -4.802367E-01, -1.058968E-01, 
6.497866E-01, -4.810245E-01, -1.053755E-01, 
6.515148E-01, -4.818121E-01, -1.048541E-01, 
6.532429E-01, -4.825992E-01, -1.043326E-01, 
6.549711E-01, -4.833861E-01, -1.038110E-01, 
6.566992E-01, -4.841727E-01, -1.032893E-01, 
6.584274E-01, -4.849590E-01, -1.027675E-01, 
6.601556E-01, -4.857449E-01, -1.022455E-01, 
6.618837E-01, -4.865306E-01, -1.017235E-01, 
6.636119E-01, -4.873159E-01, -1.012014E-01, 
6.653400E-01, -4.881010E-01, -1.006791E-01, 
6.670682E-01, -4.888858E-01, -1.001568E-01, 
6.687963E-01, -4.896702E-01, -9.963430E-02, 
6.705245E-01, -4.904544E-01, -9.911173E-02, 
6.722527E-01, -4.912384E-01, -9.858905E-02, 
6.739808E-01, -4.920220E-01, -9.806626E-02, 
6.757090E-01, -4.928054E-01, -9.754337E-02, 
6.774371E-01, -4.935885E-01, -9.702036E-02, 
6.791653E-01, -4.943713E-01, -9.649724E-02, 
6.808934E-01, -4.951539E-01, -9.597402E-02, 
6.826216E-01, -4.959362E-01, -9.545068E-02, 
6.843497E-01, -4.967182E-01, -9.492723E-02, 
6.860779E-01, -4.975000E-01, -9.440367E-02, 
6.878061E-01, -4.982815E-01, -9.388000E-02, 
6.895342E-01, -4.990628E-01, -9.335622E-02, 
6.912624E-01, -4.998438E-01, -9.283232E-02, 
6.929905E-01, -5.006246E-01, -9.230831E-02, 
6.947187E-01, -5.014052E-01, -9.178419E-02, 
6.964468E-01, -5.021855E-01, -9.125995E-02, 
6.981750E-01, -5.029655E-01, -9.073560E-02, 
6.999031E-01, -5.037454E-01, -9.021113E-02, 
7.016313E-01, -5.045250E-01, -8.968655E-02, 
7.033595E-01, -5.053044E-01, -8.916186E-02, 
7.050876E-01, -5.060835E-01, -8.863704E-02, 
7.068158E-01, -5.068625E-01, -8.811211E-02, 
7.085439E-01, -5.076412E-01, -8.758707E-02, 
7.102721E-01, -5.084197E-01, -8.706191E-02, 
7.120002E-01, -5.091980E-01, -8.653663E-02, 
7.137284E-01, -5.099760E-01, -8.601123E-02, 
7.154565E-01, -5.107539E-01, -8.548571E-02, 
7.171847E-01, -5.115316E-01, -8.496008E-02, 
7.189129E-01, -5.123091E-01, -8.443432E-02, 
7.206410E-01, -5.130863E-01, -8.390845E-02, 
7.223692E-01, -5.138634E-01, -8.338245E-02, 
7.240973E-01, -5.146403E-01, -8.285634E-02, 
7.258255E-01, -5.154170E-01, -8.233011E-02, 
7.275536E-01, -5.161935E-01, -8.180375E-02, 
7.292818E-01, -5.169698E-01, -8.127727E-02, 
7.310100E-01, -5.177459E-01, -8.075067E-02, 
7.327381E-01, -5.185219E-01, -8.022395E-02, 
7.344663E-01, -5.192977E-01, -7.969711E-02, 
7.361944E-01, -5.200733E-01, -7.917014E-02, 
7.379226E-01, -5.208487E-01, -7.864305E-02, 
7.396507E-01, -5.216239E-01, -7.811583E-02, 
7.413789E-01, -5.223990E-01, -7.758849E-02, 
7.431070E-01, -5.231740E-01, -7.706103E-02, 
7.448352E-01, -5.239488E-01, -7.653344E-02, 
7.465634E-01, -5.247234E-01, -7.600572E-02, 
7.482915E-01, -5.254978E-01, -7.547788E-02, 
7.500197E-01, -5.262721E-01, -7.494991E-02, 
7.517478E-01, -5.270463E-01, -7.442182E-02, 
7.534760E-01, -5.278203E-01, -7.389360E-02, 
7.552041E-01, -5.285941E-01, -7.336525E-02, 
7.569323E-01, -5.293679E-01, -7.283677E-02, 
7.586604E-01, -5.301414E-01, -7.230816E-02, 
7.603886E-01, -5.309149E-01, -7.177943E-02, 
7.621168E-01, -5.316882E-01, -7.125056E-02, 
7.638449E-01, -5.324613E-01, -7.072157E-02, 
7.655731E-01, -5.332344E-01, -7.019244E-02, 
7.673012E-01, -5.340073E-01, -6.966318E-02, 
7.690294E-01, -5.347801E-01, -6.913380E-02, 
7.707575E-01, -5.355527E-01, -6.860428E-02, 
7.724857E-01, -5.363253E-01, -6.807463E-02, 
7.742139E-01, -5.370977E-01, -6.754484E-02, 
7.759420E-01, -5.378700E-01, -6.701493E-02, 
7.776702E-01, -5.386422E-01, -6.648488E-02, 
7.793983E-01, -5.394143E-01, -6.595470E-02, 
7.811265E-01, -5.401862E-01, -6.542438E-02, 
7.828546E-01, -5.409581E-01, -6.489393E-02, 
7.845828E-01, -5.417299E-01, -6.436334E-02, 
7.863109E-01, -5.425015E-01, -6.383262E-02, 
7.880391E-01, -5.432731E-01, -6.330176E-02, 
7.897673E-01, -5.440445E-01, -6.277077E-02, 
7.914954E-01, -5.448159E-01, -6.223963E-02, 
7.932236E-01, -5.455872E-01, -6.170837E-02, 
7.949517E-01, -5.463584E-01, -6.117696E-02, 
7.966799E-01, -5.471295E-01, -6.064542E-02, 
7.984080E-01, -5.479005E-01, -6.011374E-02, 
8.001362E-01, -5.486714E-01, -5.958191E-02, 
8.018643E-01, -5.494423E-01, -5.904995E-02, 
8.035925E-01, -5.502130E-01, -5.851785E-02, 
8.053207E-01, -5.509837E-01, -5.798561E-02, 
8.070488E-01, -5.517543E-01, -5.745323E-02, 
8.087770E-01, -5.525249E-01, -5.692071E-02, 
8.105051E-01, -5.532954E-01, -5.638805E-02, 
8.122333E-01, -5.540658E-01, -5.585524E-02, 
8.139614E-01, -5.548361E-01, -5.532229E-02, 
8.156896E-01, -5.556064E-01, -5.478920E-02, 
8.174177E-01, -5.563766E-01, -5.425597E-02, 
8.191459E-01, -5.571468E-01, -5.372259E-02, 
8.208741E-01, -5.579169E-01, -5.318907E-02, 
8.226022E-01, -5.586870E-01, -5.265540E-02, 
8.243304E-01, -5.594570E-01, -5.212159E-02, 
8.260585E-01, -5.602269E-01, -5.158763E-02, 
8.277867E-01, -5.609969E-01, -5.105353E-02, 
8.295148E-01, -5.617667E-01, -5.051928E-02, 
8.312430E-01, -5.625365E-01, -4.998488E-02, 
8.329712E-01, -5.633063E-01, -4.945034E-02, 
8.346993E-01, -5.640761E-01, -4.891565E-02, 
8.364275E-01, -5.648458E-01, -4.838081E-02, 
8.381556E-01, -5.656155E-01, -4.784582E-02, 
8.398838E-01, -5.663851E-01, -4.731068E-02, 
8.416119E-01, -5.671547E-01, -4.677540E-02, 
8.433401E-01, -5.679243E-01, -4.623996E-02, 
8.450682E-01, -5.686939E-01, -4.570437E-02, 
8.467964E-01, -5.694634E-01, -4.516863E-02, 
8.485246E-01, -5.702329E-01, -4.463274E-02, 
8.502527E-01, -5.710024E-01, -4.409670E-02, 
8.519809E-01, -5.717719E-01, -4.356050E-02, 
8.537090E-01, -5.725413E-01, -4.302416E-02, 
8.554372E-01, -5.733108E-01, -4.248766E-02, 
8.571653E-01, -5.740802E-01, -4.195100E-02, 
8.588935E-01, -5.748497E-01, -4.141419E-02, 
8.606216E-01, -5.756191E-01, -4.087723E-02, 
8.623498E-01, -5.763885E-01, -4.034011E-02, 
8.640780E-01, -5.771579E-01, -3.980284E-02, 
8.658061E-01, -5.779273E-01, -3.926541E-02, 
8.675343E-01, -5.786967E-01, -3.872782E-02, 
8.692624E-01, -5.794662E-01, -3.819008E-02, 
8.709906E-01, -5.802356E-01, -3.765218E-02, 
8.727187E-01, -5.810050E-01, -3.711412E-02, 
8.744469E-01, -5.817745E-01, -3.657590E-02, 
8.761751E-01, -5.825439E-01, -3.603753E-02, 
8.779032E-01, -5.833134E-01, -3.549899E-02, 
8.796314E-01, -5.840829E-01, -3.496030E-02, 
8.813595E-01, -5.848524E-01, -3.442144E-02, 
8.830877E-01, -5.856219E-01, -3.388243E-02, 
8.848158E-01, -5.863915E-01, -3.334325E-02, 
8.865440E-01, -5.871610E-01, -3.280391E-02, 
8.882721E-01, -5.879306E-01, -3.226441E-02, 
8.900003E-01, -5.887002E-01, -3.172474E-02, 
8.917285E-01, -5.894699E-01, -3.118492E-02, 
8.934566E-01, -5.902396E-01, -3.064493E-02, 
8.951848E-01, -5.910093E-01, -3.010477E-02, 
8.969129E-01, -5.917790E-01, -2.956445E-02, 
8.986411E-01, -5.925488E-01, -2.902397E-02, 
9.003692E-01, -5.933187E-01, -2.848332E-02, 
9.020974E-01, -5.940885E-01, -2.794250E-02, 
9.038255E-01, -5.948584E-01, -2.740152E-02, 
9.055537E-01, -5.956284E-01, -2.686037E-02, 
9.072819E-01, -5.963984E-01, -2.631905E-02, 
9.090100E-01, -5.971685E-01, -2.577757E-02, 
9.107382E-01, -5.979386E-01, -2.523591E-02, 
9.124663E-01, -5.987087E-01, -2.469409E-02, 
9.141945E-01, -5.994789E-01, -2.415210E-02, 
9.159226E-01, -6.002492E-01, -2.360994E-02, 
9.176508E-01, -6.010195E-01, -2.306761E-02, 
9.193789E-01, -6.017899E-01, -2.252510E-02, 
9.211071E-01, -6.025604E-01, -2.198243E-02, 
9.228353E-01, -6.033309E-01, -2.143958E-02, 
9.245634E-01, -6.041015E-01, -2.089656E-02, 
9.262916E-01, -6.048721E-01, -2.035337E-02, 
9.280197E-01, -6.056429E-01, -1.981001E-02, 
9.297479E-01, -6.064137E-01, -1.926647E-02, 
9.314760E-01, -6.071845E-01, -1.872275E-02, 
9.332042E-01, -6.079555E-01, -1.817886E-02, 
9.349324E-01, -6.087265E-01, -1.763480E-02, 
9.366605E-01, -6.094976E-01, -1.709056E-02, 
9.383887E-01, -6.102688E-01, -1.654614E-02, 
9.401168E-01, -6.110400E-01, -1.600155E-02, 
9.418450E-01, -6.118114E-01, -1.545678E-02, 
9.435731E-01, -6.125828E-01, -1.491183E-02, 
9.453013E-01, -6.133544E-01, -1.436670E-02, 
9.470294E-01, -6.141260E-01, -1.382140E-02, 
9.487576E-01, -6.148977E-01, -1.327591E-02, 
9.504858E-01, -6.156695E-01, -1.273025E-02, 
9.522139E-01, -6.164414E-01, -1.218440E-02, 
9.539421E-01, -6.172134E-01, -1.163838E-02, 
9.556702E-01, -6.179855E-01, -1.109217E-02, 
9.573984E-01, -6.187577E-01, -1.054578E-02, 
9.591265E-01, -6.195300E-01, -9.999204E-03, 
9.608547E-01, -6.203024E-01, -9.452448E-03, 
9.625828E-01, -6.210749E-01, -8.905508E-03, 
9.643110E-01, -6.218476E-01, -8.358385E-03, 
9.660392E-01, -6.226203E-01, -7.811077E-03, 
9.677673E-01, -6.233931E-01, -7.263583E-03, 
9.694955E-01, -6.241661E-01, -6.715904E-03, 
9.712236E-01, -6.249392E-01, -6.168039E-03, 
9.729518E-01, -6.257124E-01, -5.619987E-03, 
9.746799E-01, -6.264857E-01, -5.071748E-03, 
9.764081E-01, -6.272591E-01, -4.523322E-03, 
9.781362E-01, -6.280327E-01, -3.974706E-03, 
9.798644E-01, -6.288064E-01, -3.425903E-03, 
9.815926E-01, -6.295802E-01, -2.876909E-03, 
9.833207E-01, -6.303542E-01, -2.327726E-03, 
9.850489E-01, -6.311282E-01, -1.778353E-03, 
9.867770E-01, -6.319024E-01, -1.228789E-03, 
9.885052E-01, -6.326768E-01, -6.790329E-04, 
9.902333E-01, -6.334513E-01, -1.290851E-04, 
9.919615E-01, -6.342259E-01, 4.210552E-04, 
9.936897E-01, -6.350006E-01, 9.713885E-04, 
9.954178E-01, -6.357755E-01, 1.521915E-03, 
9.971460E-01, -6.365506E-01, 2.072636E-03, 
9.988741E-01, -6.373258E-01, 2.623552E-03, 
1.000602E+00, -6.381011E-01, 3.174663E-03, 
1.002330E+00, -6.388766E-01, 3.725970E-03, 
1.004059E+00, -6.396522E-01, 4.277473E-03, 
1.005787E+00, -6.404280E-01, 4.829172E-03, 
1.007515E+00, -6.412039E-01, 5.381069E-03, 
1.009243E+00, -6.419800E-01, 5.933164E-03, 
1.010971E+00, -6.427562E-01, 6.485458E-03, 
1.012699E+00, -6.435327E-01, 7.037950E-03, 
1.014428E+00, -6.443092E-01, 7.590643E-03, 
1.016156E+00, -6.450859E-01, 8.143535E-03, 
1.017884E+00, -6.458628E-01, 8.696628E-03, 
1.019612E+00, -6.466399E-01, 9.249922E-03, 
1.021340E+00, -6.474171E-01, 9.803418E-03, 
1.023068E+00, -6.481945E-01, 1.035712E-02, 
1.024796E+00, -6.489721E-01, 1.091102E-02, 
1.026525E+00, -6.497498E-01, 1.146512E-02, 
1.028253E+00, -6.505277E-01, 1.201943E-02, 
1.029981E+00, -6.513058E-01, 1.257394E-02, 
1.031709E+00, -6.520841E-01, 1.312866E-02, 
1.033437E+00, -6.528625E-01, 1.368358E-02, 
1.035165E+00, -6.536412E-01, 1.423871E-02, 
1.036894E+00, -6.544200E-01, 1.479405E-02, 
1.038622E+00, -6.551990E-01, 1.534960E-02, 
1.040350E+00, -6.559782E-01, 1.590535E-02, 
1.042078E+00, -6.567575E-01, 1.646131E-02, 
1.043806E+00, -6.575371E-01, 1.701748E-02, 
1.045534E+00, -6.583169E-01, 1.757386E-02, 
1.047262E+00, -6.590968E-01, 1.813045E-02, 
1.048991E+00, -6.598770E-01, 1.868725E-02, 
1.050719E+00, -6.606573E-01, 1.924426E-02, 
1.052447E+00, -6.614378E-01, 1.980148E-02, 
1.054175E+00, -6.622186E-01, 2.035892E-02, 
1.055903E+00, -6.629995E-01, 2.091657E-02, 
1.057631E+00, -6.637807E-01, 2.147443E-02, 
1.059360E+00, -6.645620E-01, 2.203251E-02, 
1.061088E+00, -6.653436E-01, 2.259080E-02, 
1.062816E+00, -6.661253E-01, 2.314930E-02, 
1.064544E+00, -6.669073E-01, 2.370803E-02, 
1.066272E+00, -6.676895E-01, 2.426697E-02, 
1.068000E+00, -6.684719E-01, 2.482612E-02, 
1.069729E+00, -6.692545E-01, 2.538550E-02, 
1.071457E+00, -6.700373E-01, 2.594509E-02, 
1.073185E+00, -6.708204E-01, 2.650490E-02, 
1.074913E+00, -6.716037E-01, 2.706493E-02, 
1.076641E+00, -6.723872E-01, 2.762518E-02, 
1.078369E+00, -6.731709E-01, 2.818566E-02, 
1.080097E+00, -6.739548E-01, 2.874635E-02, 
1.081826E+00, -6.747390E-01, 2.930726E-02, 
1.083554E+00, -6.755234E-01, 2.986840E-02, 
1.085282E+00, -6.763080E-01, 3.042976E-02, 
1.087010E+00, -6.770929E-01, 3.099135E-02, 
1.088738E+00, -6.778780E-01, 3.155315E-02, 
1.090466E+00, -6.786633E-01, 3.211519E-02, 
1.092195E+00, -6.794489E-01, 3.267745E-02, 
1.093923E+00, -6.802347E-01, 3.323993E-02, 
1.095651E+00, -6.810208E-01, 3.380264E-02, 
1.097379E+00, -6.818071E-01, 3.436558E-02, 
1.099107E+00, -6.825936E-01, 3.492875E-02, 
1.100835E+00, -6.833804E-01, 3.549214E-02, 
1.102563E+00, -6.841675E-01, 3.605576E-02, 
1.104292E+00, -6.849547E-01, 3.661962E-02, 
1.106020E+00, -6.857423E-01, 3.718370E-02, 
1.107748E+00, -6.865301E-01, 3.774802E-02, 
1.109476E+00, -6.873181E-01, 3.831256E-02, 
1.111204E+00, -6.881064E-01, 3.887734E-02, 
1.112932E+00, -6.888950E-01, 3.944235E-02, 
1.114661E+00, -6.896838E-01, 4.000760E-02, 
1.116389E+00, -6.904729E-01, 4.057308E-02, 
1.118117E+00, -6.912622E-01, 4.113879E-02, 
1.119845E+00, -6.920518E-01, 4.170474E-02, 
1.121573E+00, -6.928417E-01, 4.227092E-02, 
1.123301E+00, -6.936318E-01, 4.283734E-02, 
1.125030E+00, -6.944222E-01, 4.340400E-02, 
1.126758E+00, -6.952129E-01, 4.397090E-02, 
1.128486E+00, -6.960039E-01, 4.453803E-02, 
1.130214E+00, -6.967951E-01, 4.510540E-02, 
1.131942E+00, -6.975866E-01, 4.567302E-02, 
1.133670E+00, -6.983784E-01, 4.624087E-02, 
1.135398E+00, -6.991704E-01, 4.680896E-02, 
1.137127E+00, -6.999628E-01, 4.737730E-02, 
1.138855E+00, -7.007554E-01, 4.794588E-02, 
1.140583E+00, -7.015483E-01, 4.851470E-02, 
1.142311E+00, -7.023415E-01, 4.908376E-02, 
1.144039E+00, -7.031350E-01, 4.965307E-02, 
1.145767E+00, -7.039288E-01, 5.022262E-02, 
1.147496E+00, -7.047228E-01, 5.079242E-02, 
1.149224E+00, -7.055172E-01, 5.136246E-02, 
1.150952E+00, -7.063118E-01, 5.193275E-02, 
1.152680E+00, -7.071068E-01, 5.250329E-02, 
1.154408E+00, -7.079020E-01, 5.307408E-02, 
1.156136E+00, -7.086976E-01, 5.364511E-02, 
1.157864E+00, -7.094934E-01, 5.421640E-02, 
1.159593E+00, -7.102896E-01, 5.478793E-02, 
1.161321E+00, -7.110860E-01, 5.535972E-02, 
1.163049E+00, -7.118828E-01, 5.593175E-02, 
1.164777E+00, -7.126799E-01, 5.650404E-02, 
1.166505E+00, -7.134772E-01, 5.707658E-02, 
1.168233E+00, -7.142749E-01, 5.764938E-02, 
1.169962E+00, -7.150729E-01, 5.822242E-02, 
1.171690E+00, -7.158713E-01, 5.879573E-02, 
1.173418E+00, -7.166699E-01, 5.936928E-02, 
1.175146E+00, -7.174688E-01, 5.994310E-02, 
1.176874E+00, -7.182681E-01, 6.051717E-02, 
1.178602E+00, -7.190677E-01, 6.109149E-02, 
1.180330E+00, -7.198676E-01, 6.166608E-02, 
1.182059E+00, -7.206679E-01, 6.224092E-02, 
1.183787E+00, -7.214684E-01, 6.281603E-02, 
1.185515E+00, -7.222693E-01, 6.339139E-02, 
1.187243E+00, -7.230706E-01, 6.396701E-02, 
1.188971E+00, -7.238721E-01, 6.454290E-02, 
1.190699E+00, -7.246740E-01, 6.511905E-02, 
1.192428E+00, -7.254763E-01, 6.569545E-02, 
1.194156E+00, -7.262788E-01, 6.627213E-02, 
1.195884E+00, -7.270817E-01, 6.684907E-02, 
1.197612E+00, -7.278850E-01, 6.742627E-02, 
1.199340E+00, -7.286885E-01, 6.800373E-02, 
1.201068E+00, -7.294925E-01, 6.858147E-02, 
1.202797E+00, -7.302967E-01, 6.915947E-02, 
1.204525E+00, -7.311014E-01, 6.973774E-02, 
1.206253E+00, -7.319063E-01, 7.031627E-02, 
1.207981E+00, -7.327116E-01, 7.089508E-02, 
1.209709E+00, -7.335173E-01, 7.147415E-02, 
1.211437E+00, -7.343233E-01, 7.205350E-02, 
1.213165E+00, -7.351297E-01, 7.263311E-02, 
1.214894E+00, -7.359365E-01, 7.321300E-02, 
1.216622E+00, -7.367435E-01, 7.379316E-02, 
1.218350E+00, -7.375510E-01, 7.437359E-02, 
1.220078E+00, -7.383588E-01, 7.495430E-02, 
1.221806E+00, -7.391670E-01, 7.553528E-02, 
1.223534E+00, -7.399755E-01, 7.611654E-02, 
1.225263E+00, -7.407845E-01, 7.669807E-02, 
1.226991E+00, -7.415937E-01, 7.727988E-02, 
1.228719E+00, -7.424034E-01, 7.786197E-02, 
1.230447E+00, -7.432134E-01, 7.844433E-02, 
1.232175E+00, -7.440238E-01, 7.902698E-02, 
1.233903E+00, -7.448346E-01, 7.960990E-02, 
1.235631E+00, -7.456457E-01, 8.019311E-02, 
1.237360E+00, -7.464573E-01, 8.077659E-02, 
1.239088E+00, -7.472692E-01, 8.136036E-02, 
1.240816E+00, -7.480815E-01, 8.194441E-02, 
1.242544E+00, -7.488941E-01, 8.252874E-02, 
1.244272E+00, -7.497072E-01, 8.311336E-02, 
1.246000E+00, -7.505207E-01, 8.369826E-02, 
1.247729E+00, -7.513345E-01, 8.428344E-02, 
1.249457E+00, -7.521487E-01, 8.486892E-02, 
1.251185E+00, -7.529633E-01, 8.545468E-02, 
1.252913E+00, -7.537784E-01, 8.604072E-02, 
1.254641E+00, -7.545938E-01, 8.662706E-02, 
1.256369E+00, -7.554096E-01, 8.721368E-02, 
1.258098E+00, -7.562258E-01, 8.780060E-02, 
1.259826E+00, -7.570424E-01, 8.838780E-02, 
1.261554E+00, -7.578594E-01, 8.897530E-02, 
1.263282E+00, -7.586768E-01, 8.956309E-02, 
1.265010E+00, -7.594947E-01, 9.015117E-02, 
1.266738E+00, -7.603129E-01, 9.073955E-02, 
1.268466E+00, -7.611315E-01, 9.132822E-02, 
1.270195E+00, -7.619506E-01, 9.191718E-02, 
1.271923E+00, -7.627701E-01, 9.250644E-02, 
1.273651E+00, -7.635900E-01, 9.309600E-02, 
1.275379E+00, -7.644103E-01, 9.368585E-02, 
1.277107E+00, -7.652310E-01, 9.427601E-02, 
1.278835E+00, -7.660521E-01, 9.486646E-02, 
1.280564E+00, -7.668737E-01, 9.545721E-02, 
1.282292E+00, -7.676957E-01, 9.604826E-02, 
1.284020E+00, -7.685181E-01, 9.663962E-02, 
1.285748E+00, -7.693409E-01, 9.723127E-02, 
1.287476E+00, -7.701642E-01, 9.782323E-02, 
1.289204E+00, -7.709879E-01, 9.841550E-02, 
1.290932E+00, -7.718120E-01, 9.900806E-02, 
1.292661E+00, -7.726366E-01, 9.960093E-02, 
1.294389E+00, -7.734616E-01, 1.001941E-01, 
1.296117E+00, -7.742870E-01, 1.007876E-01, 
1.297845E+00, -7.751129E-01, 1.013814E-01, 
1.299573E+00, -7.759392E-01, 1.019755E-01, 
1.301301E+00, -7.767660E-01, 1.025699E-01, 
1.303030E+00, -7.775932E-01, 1.031646E-01, 
1.304758E+00, -7.784208E-01, 1.037597E-01, 
1.306486E+00, -7.792489E-01, 1.043550E-01, 
1.308214E+00, -7.800775E-01, 1.049506E-01, 
1.309942E+00, -7.809065E-01, 1.055466E-01, 
1.311670E+00, -7.817360E-01, 1.061429E-01, 
1.313398E+00, -7.825659E-01, 1.067395E-01, 
1.315127E+00, -7.833962E-01, 1.073364E-01, 
1.316855E+00, -7.842271E-01, 1.079336E-01, 
1.318583E+00, -7.850584E-01, 1.085312E-01, 
1.320311E+00, -7.858901E-01, 1.091290E-01, 
1.322039E+00, -7.867223E-01, 1.097272E-01, 
1.323767E+00, -7.875550E-01, 1.103257E-01, 
1.325496E+00, -7.883882E-01, 1.109246E-01, 
1.327224E+00, -7.892218E-01, 1.115237E-01, 
1.328952E+00, -7.900559E-01, 1.121232E-01, 
1.330680E+00, -7.908905E-01, 1.127230E-01, 
1.332408E+00, -7.917255E-01, 1.133231E-01, 
1.334136E+00, -7.925610E-01, 1.139235E-01, 
1.335865E+00, -7.933970E-01, 1.145243E-01, 
1.337593E+00, -7.942335E-01, 1.151254E-01, 
1.339321E+00, -7.950705E-01, 1.157268E-01, 
1.341049E+00, -7.959079E-01, 1.163285E-01, 
1.342777E+00, -7.967458E-01, 1.169306E-01, 
1.344505E+00, -7.975843E-01, 1.175330E-01, 
1.346233E+00, -7.984232E-01, 1.181357E-01, 
1.347962E+00, -7.992626E-01, 1.187388E-01, 
1.349690E+00, -8.001025E-01, 1.193422E-01, 
1.351418E+00, -8.009428E-01, 1.199459E-01, 
1.353146E+00, -8.017837E-01, 1.205500E-01, 
1.354874E+00, -8.026251E-01, 1.211544E-01, 
1.356602E+00, -8.034670E-01, 1.217591E-01, 
1.358331E+00, -8.043094E-01, 1.223642E-01, 
1.360059E+00, -8.051523E-01, 1.229696E-01, 
1.361787E+00, -8.059957E-01, 1.235754E-01, 
1.363515E+00, -8.068396E-01, 1.241814E-01, 
1.365243E+00, -8.076840E-01, 1.247879E-01, 
1.366971E+00, -8.085289E-01, 1.253946E-01, 
1.368699E+00, -8.093744E-01, 1.260017E-01, 
1.370428E+00, -8.102203E-01, 1.266092E-01, 
1.372156E+00, -8.110668E-01, 1.272170E-01, 
1.373884E+00, -8.119138E-01, 1.278251E-01, 
1.375612E+00, -8.127613E-01, 1.284336E-01, 
1.377340E+00, -8.136093E-01, 1.290424E-01, 
1.379068E+00, -8.144579E-01, 1.296516E-01, 
1.380797E+00, -8.153070E-01, 1.302612E-01, 
1.382525E+00, -8.161566E-01, 1.308710E-01, 
1.384253E+00, -8.170067E-01, 1.314813E-01, 
1.385981E+00, -8.178574E-01, 1.320918E-01, 
1.387709E+00, -8.187086E-01, 1.327028E-01, 
1.389437E+00, -8.195604E-01, 1.333140E-01, 
1.391166E+00, -8.204127E-01, 1.339257E-01, 
1.392894E+00, -8.212655E-01, 1.345377E-01, 
1.394622E+00, -8.221188E-01, 1.351500E-01, 
1.396350E+00, -8.229728E-01, 1.357627E-01, 
1.398078E+00, -8.238272E-01, 1.363757E-01, 
1.399806E+00, -8.246822E-01, 1.369892E-01, 
1.401534E+00, -8.255378E-01, 1.376029E-01, 
1.403263E+00, -8.263939E-01, 1.382171E-01, 
1.404991E+00, -8.272505E-01, 1.388316E-01, 
1.406719E+00, -8.281077E-01, 1.394464E-01, 
1.408447E+00, -8.289655E-01, 1.400616E-01, 
1.410175E+00, -8.298238E-01, 1.406772E-01, 
1.411903E+00, -8.306827E-01, 1.412932E-01, 
1.413632E+00, -8.315422E-01, 1.419095E-01, 
1.415360E+00, -8.324022E-01, 1.425261E-01, 
1.417088E+00, -8.332628E-01, 1.431432E-01, 
1.418816E+00, -8.341239E-01, 1.437606E-01, 
1.420544E+00, -8.349856E-01, 1.443784E-01, 
1.422272E+00, -8.358479E-01, 1.449965E-01, 
1.424000E+00, -8.367108E-01, 1.456151E-01, 
1.425729E+00, -8.375742E-01, 1.462339E-01, 
1.427457E+00, -8.384383E-01, 1.468532E-01, 
1.429185E+00, -8.393029E-01, 1.474729E-01, 
1.430913E+00, -8.401681E-01, 1.480929E-01, 
1.432641E+00, -8.410338E-01, 1.487133E-01, 
1.434369E+00, -8.419002E-01, 1.493340E-01, 
1.436098E+00, -8.427671E-01, 1.499552E-01, 
1.437826E+00, -8.436346E-01, 1.505767E-01, 
1.439554E+00, -8.445028E-01, 1.511986E-01, 
1.441282E+00, -8.453715E-01, 1.518209E-01, 
1.443010E+00, -8.462408E-01, 1.524436E-01, 
1.444738E+00, -8.471107E-01, 1.530666E-01, 
1.446467E+00, -8.479812E-01, 1.536900E-01, 
1.448195E+00, -8.488523E-01, 1.543139E-01, 
1.449923E+00, -8.497241E-01, 1.549381E-01, 
1.451651E+00, -8.505964E-01, 1.555627E-01, 
1.453379E+00, -8.514693E-01, 1.561876E-01, 
1.455107E+00, -8.523429E-01, 1.568130E-01, 
1.456835E+00, -8.532170E-01, 1.574388E-01, 
1.458564E+00, -8.540918E-01, 1.580649E-01, 
1.460292E+00, -8.549672E-01, 1.586914E-01, 
1.462020E+00, -8.558432E-01, 1.593184E-01, 
1.463748E+00, -8.567198E-01, 1.599457E-01, 
1.465476E+00, -8.575970E-01, 1.605734E-01, 
1.467204E+00, -8.584749E-01, 1.612015E-01, 
1.468933E+00, -8.593534E-01, 1.618300E-01, 
1.470661E+00, -8.602325E-01, 1.624590E-01, 
1.472389E+00, -8.611123E-01, 1.630883E-01, 
1.474117E+00, -8.619927E-01, 1.637180E-01, 
1.475845E+00, -8.628737E-01, 1.643481E-01, 
1.477573E+00, -8.637553E-01, 1.649786E-01, 
1.479301E+00, -8.646376E-01, 1.656095E-01, 
1.481030E+00, -8.655206E-01, 1.662408E-01, 
1.482758E+00, -8.664042E-01, 1.668726E-01, 
1.484486E+00, -8.672884E-01, 1.675047E-01, 
1.486214E+00, -8.681733E-01, 1.681372E-01, 
1.487942E+00, -8.690588E-01, 1.687702E-01, 
1.489670E+00, -8.699449E-01, 1.694035E-01, 
1.491399E+00, -8.708318E-01, 1.700373E-01, 
1.493127E+00, -8.717193E-01, 1.706715E-01, 
1.494855E+00, -8.726074E-01, 1.713060E-01, 
1.496583E+00, -8.734962E-01, 1.719410E-01, 
1.498311E+00, -8.743856E-01, 1.725765E-01, 
1.500039E+00, -8.752758E-01, 1.732123E-01, 
1.501767E+00, -8.761666E-01, 1.738485E-01, 
1.503496E+00, -8.770580E-01, 1.744852E-01, 
1.505224E+00, -8.779501E-01, 1.751223E-01, 
1.506952E+00, -8.788429E-01, 1.757598E-01, 
1.508680E+00, -8.797364E-01, 1.763977E-01, 
1.510408E+00, -8.806306E-01, 1.770361E-01, 
1.512136E+00, -8.815254E-01, 1.776749E-01, 
1.513865E+00, -8.824209E-01, 1.783141E-01, 
1.515593E+00, -8.833171E-01, 1.789537E-01, 
1.517321E+00, -8.842140E-01, 1.795937E-01, 
1.519049E+00, -8.851116E-01, 1.802342E-01, 
1.520777E+00, -8.860098E-01, 1.808751E-01, 
1.522505E+00, -8.869088E-01, 1.815164E-01, 
1.524234E+00, -8.878084E-01, 1.821582E-01, 
1.525962E+00, -8.887087E-01, 1.828004E-01, 
1.527690E+00, -8.896098E-01, 1.834430E-01, 
1.529418E+00, -8.905115E-01, 1.840861E-01, 
1.531146E+00, -8.914140E-01, 1.847296E-01, 
1.532874E+00, -8.923171E-01, 1.853735E-01, 
1.534602E+00, -8.932210E-01, 1.860179E-01, 
1.536331E+00, -8.941255E-01, 1.866627E-01, 
1.538059E+00, -8.950308E-01, 1.873080E-01, 
1.539787E+00, -8.959368E-01, 1.879537E-01, 
1.541515E+00, -8.968435E-01, 1.885998E-01, 
1.543243E+00, -8.977509E-01, 1.892464E-01, 
1.544971E+00, -8.986590E-01, 1.898934E-01, 
1.546700E+00, -8.995679E-01, 1.905409E-01, 
1.548428E+00, -9.004775E-01, 1.911888E-01, 
1.550156E+00, -9.013878E-01, 1.918372E-01, 
1.551884E+00, -9.022989E-01, 1.924860E-01, 
1.553612E+00, -9.032106E-01, 1.931353E-01, 
1.555340E+00, -9.041232E-01, 1.937850E-01, 
1.557068E+00, -9.050364E-01, 1.944352E-01, 
1.558797E+00, -9.059504E-01, 1.950858E-01, 
1.560525E+00, -9.068651E-01, 1.957369E-01, 
1.562253E+00, -9.077806E-01, 1.963884E-01, 
1.563981E+00, -9.086968E-01, 1.970404E-01, 
1.565709E+00, -9.096138E-01, 1.976929E-01, 
1.567437E+00, -9.105315E-01, 1.983458E-01, 
1.569166E+00, -9.114500E-01, 1.989992E-01, 
1.570894E+00, -9.123692E-01, 1.996530E-01, 
1.572622E+00, -9.132892E-01, 2.003073E-01, 
1.574350E+00, -9.142099E-01, 2.009621E-01, 
1.576078E+00, -9.151314E-01, 2.016173E-01, 
1.577806E+00, -9.160537E-01, 2.022730E-01, 
1.579535E+00, -9.169768E-01, 2.029292E-01, 
1.581263E+00, -9.179006E-01, 2.035858E-01, 
1.582991E+00, -9.188251E-01, 2.042430E-01, 
1.584719E+00, -9.197505E-01, 2.049005E-01, 
1.586447E+00, -9.206766E-01, 2.055586E-01, 
1.588175E+00, -9.216035E-01, 2.062171E-01, 
1.589903E+00, -9.225312E-01, 2.068761E-01, 
1.591632E+00, -9.234597E-01, 2.075356E-01, 
1.593360E+00, -9.243889E-01, 2.081956E-01, 
1.595088E+00, -9.253190E-01, 2.088560E-01, 
1.596816E+00, -9.262498E-01, 2.095170E-01, 
1.598544E+00, -9.271814E-01, 2.101784E-01, 
1.600272E+00, -9.281139E-01, 2.108403E-01, 
1.602001E+00, -9.290471E-01, 2.115026E-01, 
1.603729E+00, -9.299811E-01, 2.121655E-01, 
1.605457E+00, -9.309159E-01, 2.128289E-01, 
1.607185E+00, -9.318516E-01, 2.134927E-01, 
1.608913E+00, -9.327880E-01, 2.141570E-01, 
1.610641E+00, -9.337253E-01, 2.148219E-01, 
1.612369E+00, -9.346633E-01, 2.154872E-01, 
1.614098E+00, -9.356022E-01, 2.161530E-01, 
1.615826E+00, -9.365419E-01, 2.168193E-01, 
1.617554E+00, -9.374824E-01, 2.174861E-01, 
1.619282E+00, -9.384237E-01, 2.181534E-01, 
1.621010E+00, -9.393659E-01, 2.188212E-01, 
1.622738E+00, -9.403089E-01, 2.194895E-01, 
1.624467E+00, -9.412527E-01, 2.201583E-01, 
1.626195E+00, -9.421974E-01, 2.208276E-01, 
1.627923E+00, -9.431428E-01, 2.214974E-01, 
1.629651E+00, -9.440892E-01, 2.221677E-01, 
1.631379E+00, -9.450363E-01, 2.228385E-01, 
1.633107E+00, -9.459843E-01, 2.235099E-01, 
1.634835E+00, -9.469332E-01, 2.241817E-01, 
1.636564E+00, -9.478829E-01, 2.248540E-01, 
1.638292E+00, -9.488334E-01, 2.255269E-01, 
1.640020E+00, -9.497848E-01, 2.262003E-01, 
1.641748E+00, -9.507371E-01, 2.268742E-01, 
1.643476E+00, -9.516902E-01, 2.275486E-01, 
1.645204E+00, -9.526442E-01, 2.282235E-01, 
1.646933E+00, -9.535990E-01, 2.288990E-01, 
1.648661E+00, -9.545548E-01, 2.295749E-01, 
1.650389E+00, -9.555113E-01, 2.302514E-01, 
1.652117E+00, -9.564688E-01, 2.309284E-01, 
1.653845E+00, -9.574271E-01, 2.316060E-01, 
1.655573E+00, -9.583863E-01, 2.322841E-01, 
1.657302E+00, -9.593464E-01, 2.329626E-01, 
1.659030E+00, -9.603073E-01, 2.336418E-01, 
1.660758E+00, -9.612692E-01, 2.343214E-01, 
1.662486E+00, -9.622319E-01, 2.350016E-01, 
1.664214E+00, -9.631955E-01, 2.356823E-01, 
1.665942E+00, -9.641601E-01, 2.363636E-01, 
1.667670E+00, -9.651255E-01, 2.370454E-01, 
1.669399E+00, -9.660918E-01, 2.377277E-01, 
1.671127E+00, -9.670590E-01, 2.384106E-01, 
1.672855E+00, -9.680271E-01, 2.390940E-01, 
1.674583E+00, -9.689961E-01, 2.397780E-01, 
1.676311E+00, -9.699661E-01, 2.404625E-01, 
1.678039E+00, -9.709369E-01, 2.411475E-01, 
1.679768E+00, -9.719086E-01, 2.418331E-01, 
1.681496E+00, -9.728813E-01, 2.425192E-01, 
1.683224E+00, -9.738549E-01, 2.432059E-01, 
1.684952E+00, -9.748294E-01, 2.438931E-01, 
1.686680E+00, -9.758049E-01, 2.445809E-01, 
1.688408E+00, -9.767812E-01, 2.452693E-01, 
1.690136E+00, -9.777585E-01, 2.459582E-01, 
1.691865E+00, -9.787368E-01, 2.466476E-01, 
1.693593E+00, -9.797159E-01, 2.473377E-01, 
1.695321E+00, -9.806960E-01, 2.480282E-01, 
1.697049E+00, -9.816771E-01, 2.487194E-01, 
1.698777E+00, -9.826591E-01, 2.494111E-01, 
1.700505E+00, -9.836420E-01, 2.501033E-01, 
1.702234E+00, -9.846259E-01, 2.507962E-01, 
1.703962E+00, -9.856108E-01, 2.514896E-01, 
1.705690E+00, -9.865966E-01, 2.521836E-01, 
1.707418E+00, -9.875833E-01, 2.528781E-01, 
1.709146E+00, -9.885711E-01, 2.535732E-01, 
1.710874E+00, -9.895597E-01, 2.542689E-01, 
1.712603E+00, -9.905494E-01, 2.549652E-01, 
1.714331E+00, -9.915400E-01, 2.556620E-01, 
1.716059E+00, -9.925316E-01, 2.563594E-01, 
1.717787E+00, -9.935242E-01, 2.570574E-01, 
1.719515E+00, -9.945178E-01, 2.577560E-01, 
1.721243E+00, -9.955123E-01, 2.584552E-01, 
1.722971E+00, -9.965078E-01, 2.591549E-01, 
1.724700E+00, -9.975044E-01, 2.598553E-01, 
1.726428E+00, -9.985019E-01, 2.605562E-01, 
1.728156E+00, -9.995004E-01, 2.612577E-01, 
1.729884E+00, -1.000500E+00, 2.619598E-01, 
1.731612E+00, -1.001500E+00, 2.626625E-01, 
1.733340E+00, -1.002502E+00, 2.633658E-01, 
1.735069E+00, -1.003504E+00, 2.640697E-01, 
1.736797E+00, -1.004508E+00, 2.647742E-01, 
1.738525E+00, -1.005512E+00, 2.654793E-01, 
1.740253E+00, -1.006518E+00, 2.661849E-01, 
1.741981E+00, -1.007525E+00, 2.668912E-01, 
1.743709E+00, -1.008532E+00, 2.675981E-01, 
1.745437E+00, -1.009541E+00, 2.683056E-01, 
1.747166E+00, -1.010550E+00, 2.690137E-01, 
1.748894E+00, -1.011561E+00, 2.697225E-01, 
1.750622E+00, -1.012573E+00, 2.704318E-01, 
1.752350E+00, -1.013586E+00, 2.711417E-01, 
1.754078E+00, -1.014599E+00, 2.718523E-01, 
1.755806E+00, -1.015614E+00, 2.725635E-01, 
1.757535E+00, -1.016630E+00, 2.732753E-01, 
1.759263E+00, -1.017647E+00, 2.739877E-01, 
1.760991E+00, -1.018665E+00, 2.747007E-01, 
1.762719E+00, -1.019684E+00, 2.754144E-01, 
1.764447E+00, -1.020704E+00, 2.761287E-01, 
1.766175E+00, -1.021725E+00, 2.768436E-01, 
1.767904E+00, -1.022747E+00, 2.775591E-01, 
1.769632E+00, -1.023771E+00, 2.782753E-01, 
1.771360E+00, -1.024795E+00, 2.789921E-01, 
1.773088E+00, -1.025820E+00, 2.797095E-01, 
1.774816E+00, -1.026847E+00, 2.804276E-01, 
1.776544E+00, -1.027875E+00, 2.811463E-01, 
1.778272E+00, -1.028903E+00, 2.818656E-01, 
1.780001E+00, -1.029933E+00, 2.825856E-01, 
1.781729E+00, -1.030964E+00, 2.833062E-01, 
1.783457E+00, -1.031996E+00, 2.840275E-01, 
1.785185E+00, -1.033029E+00, 2.847494E-01, 
1.786913E+00, -1.034063E+00, 2.854720E-01, 
1.788641E+00, -1.035098E+00, 2.861952E-01, 
1.790370E+00, -1.036135E+00, 2.869191E-01, 
1.792098E+00, -1.037172E+00, 2.876436E-01, 
1.793826E+00, -1.038211E+00, 2.883688E-01, 
1.795554E+00, -1.039250E+00, 2.890946E-01, 
1.797282E+00, -1.040291E+00, 2.898211E-01, 
1.799010E+00, -1.041333E+00, 2.905482E-01, 
1.800738E+00, -1.042376E+00, 2.912761E-01, 
1.802467E+00, -1.043421E+00, 2.920045E-01, 
1.804195E+00, -1.044466E+00, 2.927337E-01, 
1.805923E+00, -1.045512E+00, 2.934635E-01, 
1.807651E+00, -1.046560E+00, 2.941940E-01, 
1.809379E+00, -1.047609E+00, 2.949251E-01, 
1.811107E+00, -1.048659E+00, 2.956570E-01, 
1.812836E+00, -1.049710E+00, 2.963895E-01, 
1.814564E+00, -1.050762E+00, 2.971227E-01, 
1.816292E+00, -1.051815E+00, 2.978565E-01, 
1.818020E+00, -1.052870E+00, 2.985911E-01, 
1.819748E+00, -1.053926E+00, 2.993263E-01, 
1.821476E+00, -1.054983E+00, 3.000622E-01, 
1.823204E+00, -1.056041E+00, 3.007988E-01, 
1.824933E+00, -1.057100E+00, 3.015361E-01, 
1.826661E+00, -1.058160E+00, 3.022741E-01, 
1.828389E+00, -1.059222E+00, 3.030127E-01, 
1.830117E+00, -1.060285E+00, 3.037521E-01, 
1.831845E+00, -1.061349E+00, 3.044922E-01, 
1.833573E+00, -1.062414E+00, 3.052329E-01, 
1.835302E+00, -1.063480E+00, 3.059744E-01, 
1.837030E+00, -1.064548E+00, 3.067165E-01, 
1.838758E+00, -1.065617E+00, 3.074594E-01, 
1.840486E+00, -1.066687E+00, 3.082030E-01, 
1.842214E+00, -1.067758E+00, 3.089473E-01, 
1.843942E+00, -1.068830E+00, 3.096923E-01, 
1.845671E+00, -1.069904E+00, 3.104380E-01, 
1.847399E+00, -1.070979E+00, 3.111844E-01, 
1.849127E+00, -1.072055E+00, 3.119316E-01, 
1.850855E+00, -1.073132E+00, 3.126794E-01, 
1.852583E+00, -1.074211E+00, 3.134280E-01, 
1.854311E+00, -1.075291E+00, 3.141773E-01, 
1.856039E+00, -1.076372E+00, 3.149273E-01, 
1.857768E+00, -1.077454E+00, 3.156781E-01, 
1.859496E+00, -1.078538E+00, 3.164296E-01, 
1.861224E+00, -1.079622E+00, 3.171818E-01, 
1.862952E+00, -1.080708E+00, 3.179348E-01, 
1.864680E+00, -1.081796E+00, 3.186885E-01, 
1.866408E+00, -1.082884E+00, 3.194429E-01, 
1.868137E+00, -1.083974E+00, 3.201981E-01, 
1.869865E+00, -1.085065E+00, 3.209540E-01, 
1.871593E+00, -1.086158E+00, 3.217106E-01, 
1.873321E+00, -1.087251E+00, 3.224680E-01, 
1.875049E+00, -1.088346E+00, 3.232262E-01, 
1.876777E+00, -1.089443E+00, 3.239851E-01, 
1.878505E+00, -1.090540E+00, 3.247447E-01, 
1.880234E+00, -1.091639E+00, 3.255051E-01, 
1.881962E+00, -1.092739E+00, 3.262663E-01, 
1.883690E+00, -1.093841E+00, 3.270282E-01, 
1.885418E+00, -1.094943E+00, 3.277909E-01, 
1.887146E+00, -1.096048E+00, 3.285544E-01, 
1.888874E+00, -1.097153E+00, 3.293186E-01, 
1.890603E+00, -1.098260E+00, 3.300836E-01, 
1.892331E+00, -1.099368E+00, 3.308493E-01, 
1.894059E+00, -1.100477E+00, 3.316159E-01, 
1.895787E+00, -1.101588E+00, 3.323832E-01, 
1.897515E+00, -1.102700E+00, 3.331512E-01, 
1.899243E+00, -1.103813E+00, 3.339201E-01, 
1.900972E+00, -1.104928E+00, 3.346897E-01, 
1.902700E+00, -1.106044E+00, 3.354602E-01, 
1.904428E+00, -1.107161E+00, 3.362314E-01, 
1.906156E+00, -1.108280E+00, 3.370034E-01, 
1.907884E+00, -1.109400E+00, 3.377762E-01, 
1.909612E+00, -1.110522E+00, 3.385498E-01, 
1.911340E+00, -1.111645E+00, 3.393242E-01, 
1.913069E+00, -1.112769E+00, 3.400993E-01, 
1.914797E+00, -1.113895E+00, 3.408753E-01, 
1.916525E+00, -1.115022E+00, 3.416521E-01, 
1.918253E+00, -1.116150E+00, 3.424297E-01, 
1.919981E+00, -1.117280E+00, 3.432081E-01, 
1.921709E+00, -1.118411E+00, 3.439873E-01, 
1.923438E+00, -1.119544E+00, 3.447673E-01, 
1.925166E+00, -1.120678E+00, 3.455482E-01, 
1.926894E+00, -1.121813E+00, 3.463298E-01, 
1.928622E+00, -1.122950E+00, 3.471123E-01, 
1.930350E+00, -1.124088E+00, 3.478956E-01, 
1.932078E+00, -1.125228E+00, 3.486797E-01, 
1.933806E+00, -1.126369E+00, 3.494646E-01, 
1.935535E+00, -1.127512E+00, 3.502504E-01, 
1.937263E+00, -1.128656E+00, 3.510370E-01, 
1.938991E+00, -1.129801E+00, 3.518245E-01, 
1.940719E+00, -1.130948E+00, 3.526127E-01, 
1.942447E+00, -1.132096E+00, 3.534019E-01, 
1.944175E+00, -1.133246E+00, 3.541918E-01, 
1.945904E+00, -1.134397E+00, 3.549826E-01, 
1.947632E+00, -1.135550E+00, 3.557743E-01, 
1.949360E+00, -1.136704E+00, 3.565668E-01, 
1.951088E+00, -1.137860E+00, 3.573601E-01, 
1.952816E+00, -1.139017E+00, 3.581543E-01, 
1.954544E+00, -1.140175E+00, 3.589494E-01, 
1.956272E+00, -1.141335E+00, 3.597453E-01, 
1.958001E+00, -1.142497E+00, 3.605421E-01, 
1.959729E+00, -1.143660E+00, 3.613397E-01, 
1.961457E+00, -1.144825E+00, 3.621383E-01, 
1.963185E+00, -1.145991E+00, 3.629376E-01, 
1.964913E+00, -1.147158E+00, 3.637379E-01, 
1.966641E+00, -1.148327E+00, 3.645390E-01, 
1.968370E+00, -1.149498E+00, 3.653411E-01, 
1.970098E+00, -1.150670E+00, 3.661439E-01, 
1.971826E+00, -1.151844E+00, 3.669477E-01, 
1.973554E+00, -1.153019E+00, 3.677524E-01, 
1.975282E+00, -1.154196E+00, 3.685579E-01, 
1.977010E+00, -1.155374E+00, 3.693644E-01, 
1.978739E+00, -1.156554E+00, 3.701717E-01, 
1.980467E+00, -1.157735E+00, 3.709800E-01, 
1.982195E+00, -1.158918E+00, 3.717891E-01, 
1.983923E+00, -1.160103E+00, 3.725991E-01, 
1.985651E+00, -1.161289E+00, 3.734101E-01, 
1.987379E+00, -1.162476E+00, 3.742219E-01, 
1.989107E+00, -1.163666E+00, 3.750347E-01, 
1.990836E+00, -1.164856E+00, 3.758483E-01, 
1.992564E+00, -1.166049E+00, 3.766629E-01, 
1.994292E+00, -1.167243E+00, 3.774784E-01, 
1.996020E+00, -1.168438E+00, 3.782949E-01, 
1.997748E+00, -1.169636E+00, 3.791122E-01, 
1.999476E+00, -1.170834E+00, 3.799305E-01, 
2.001205E+00, -1.172035E+00, 3.807497E-01, 
2.002933E+00, -1.173237E+00, 3.815698E-01, 
2.004661E+00, -1.174440E+00, 3.823909E-01, 
2.006389E+00, -1.175646E+00, 3.832129E-01, 
2.008117E+00, -1.176853E+00, 3.840359E-01, 
2.009845E+00, -1.178061E+00, 3.848598E-01, 
2.011573E+00, -1.179271E+00, 3.856846E-01, 
2.013302E+00, -1.180483E+00, 3.865104E-01, 
2.015030E+00, -1.181697E+00, 3.873372E-01, 
2.016758E+00, -1.182912E+00, 3.881649E-01, 
2.018486E+00, -1.184129E+00, 3.889936E-01, 
2.020214E+00, -1.185347E+00, 3.898232E-01, 
2.021942E+00, -1.186567E+00, 3.906538E-01, 
2.023671E+00, -1.187789E+00, 3.914854E-01, 
2.025399E+00, -1.189013E+00, 3.923179E-01, 
2.027127E+00, -1.190238E+00, 3.931514E-01, 
2.028855E+00, -1.191465E+00, 3.939859E-01, 
2.030583E+00, -1.192694E+00, 3.948214E-01, 
2.032311E+00, -1.193924E+00, 3.956578E-01, 
2.034040E+00, -1.195156E+00, 3.964953E-01, 
2.035768E+00, -1.196390E+00, 3.973337E-01, 
2.037496E+00, -1.197625E+00, 3.981731E-01, 
2.039224E+00, -1.198863E+00, 3.990135E-01, 
2.040952E+00, -1.200102E+00, 3.998550E-01, 
2.042680E+00, -1.201342E+00, 4.006974E-01, 
2.044408E+00, -1.202585E+00, 4.015408E-01, 
2.046137E+00, -1.203829E+00, 4.023852E-01, 
2.047865E+00, -1.205075E+00, 4.032307E-01, 
2.049593E+00, -1.206323E+00, 4.040771E-01, 
2.051321E+00, -1.207572E+00, 4.049246E-01, 
2.053049E+00, -1.208824E+00, 4.057731E-01, 
2.054777E+00, -1.210077E+00, 4.066226E-01, 
2.056506E+00, -1.211332E+00, 4.074732E-01, 
2.058234E+00, -1.212588E+00, 4.083248E-01, 
2.059962E+00, -1.213847E+00, 4.091774E-01, 
2.061690E+00, -1.215107E+00, 4.100310E-01, 
2.063418E+00, -1.216369E+00, 4.108857E-01, 
2.065146E+00, -1.217633E+00, 4.117415E-01, 
2.066874E+00, -1.218899E+00, 4.125982E-01, 
2.068603E+00, -1.220166E+00, 4.134561E-01, 
2.070331E+00, -1.221436E+00, 4.143150E-01, 
2.072059E+00, -1.222707E+00, 4.151749E-01, 
2.073787E+00, -1.223980E+00, 4.160359E-01, 
2.075515E+00, -1.225255E+00, 4.168980E-01, 
2.077243E+00, -1.226532E+00, 4.177611E-01, 
2.078972E+00, -1.227811E+00, 4.186253E-01, 
2.080700E+00, -1.229091E+00, 4.194906E-01, 
2.082428E+00, -1.230374E+00, 4.203570E-01, 
2.084156E+00, -1.231658E+00, 4.212244E-01, 
2.085884E+00, -1.232944E+00, 4.220930E-01, 
2.087612E+00, -1.234232E+00, 4.229626E-01, 
2.089341E+00, -1.235522E+00, 4.238333E-01, 
2.091069E+00, -1.236814E+00, 4.247051E-01, 
2.092797E+00, -1.238108E+00, 4.255780E-01, 
2.094525E+00, -1.239404E+00, 4.264520E-01, 
2.096253E+00, -1.240701E+00, 4.273271E-01, 
2.097981E+00, -1.242001E+00, 4.282033E-01, 
2.099709E+00, -1.243303E+00, 4.290807E-01, 
2.101438E+00, -1.244606E+00, 4.299591E-01, 
2.103166E+00, -1.245912E+00, 4.308387E-01, 
2.104894E+00, -1.247219E+00, 4.317194E-01, 
2.106622E+00, -1.248529E+00, 4.326012E-01, 
2.108350E+00, -1.249840E+00, 4.334842E-01, 
2.110078E+00, -1.251153E+00, 4.343683E-01, 
2.111807E+00, -1.252469E+00, 4.352535E-01, 
2.113535E+00, -1.253786E+00, 4.361399E-01, 
2.115263E+00, -1.255105E+00, 4.370274E-01, 
2.116991E+00, -1.256427E+00, 4.379161E-01, 
2.118719E+00, -1.257750E+00, 4.388059E-01, 
2.120447E+00, -1.259076E+00, 4.396969E-01, 
2.122175E+00, -1.260403E+00, 4.405890E-01, 
2.123904E+00, -1.261733E+00, 4.414824E-01, 
2.125632E+00, -1.263064E+00, 4.423768E-01, 
2.127360E+00, -1.264398E+00, 4.432725E-01, 
2.129088E+00, -1.265733E+00, 4.441693E-01, 
2.130816E+00, -1.267071E+00, 4.450673E-01, 
2.132544E+00, -1.268411E+00, 4.459665E-01, 
2.134273E+00, -1.269753E+00, 4.468669E-01, 
2.136001E+00, -1.271096E+00, 4.477685E-01, 
2.137729E+00, -1.272443E+00, 4.486713E-01, 
2.139457E+00, -1.273791E+00, 4.495753E-01, 
2.141185E+00, -1.275141E+00, 4.504804E-01, 
2.142913E+00, -1.276493E+00, 4.513868E-01, 
2.144641E+00, -1.277848E+00, 4.522944E-01, 
2.146370E+00, -1.279204E+00, 4.532032E-01, 
2.148098E+00, -1.280563E+00, 4.541133E-01, 
2.149826E+00, -1.281924E+00, 4.550246E-01, 
2.151554E+00, -1.283287E+00, 4.559370E-01, 
2.153282E+00, -1.284652E+00, 4.568508E-01, 
2.155010E+00, -1.286019E+00, 4.577657E-01, 
2.156739E+00, -1.287389E+00, 4.586820E-01, 
2.158467E+00, -1.288761E+00, 4.595994E-01, 
2.160195E+00, -1.290135E+00, 4.605181E-01, 
2.161923E+00, -1.291511E+00, 4.614381E-01, 
2.163651E+00, -1.292889E+00, 4.623593E-01, 
2.165379E+00, -1.294270E+00, 4.632818E-01, 
2.167108E+00, -1.295652E+00, 4.642055E-01, 
2.168836E+00, -1.297037E+00, 4.651305E-01, 
2.170564E+00, -1.298424E+00, 4.660568E-01, 
2.172292E+00, -1.299814E+00, 4.669844E-01, 
2.174020E+00, -1.301206E+00, 4.679133E-01, 
2.175748E+00, -1.302600E+00, 4.688434E-01, 
2.177476E+00, -1.303996E+00, 4.697748E-01, 
2.179205E+00, -1.305394E+00, 4.707076E-01, 
2.180933E+00, -1.306795E+00, 4.716416E-01, 
2.182661E+00, -1.308198E+00, 4.725770E-01, 
2.184389E+00, -1.309603E+00, 4.735136E-01, 
2.186117E+00, -1.311011E+00, 4.744516E-01, 
2.187845E+00, -1.312421E+00, 4.753909E-01, 
2.189574E+00, -1.313833E+00, 4.763315E-01, 
2.191302E+00, -1.315248E+00, 4.772735E-01, 
2.193030E+00, -1.316665E+00, 4.782167E-01, 
2.194758E+00, -1.318084E+00, 4.791614E-01, 
2.196486E+00, -1.319506E+00, 4.801073E-01, 
2.198214E+00, -1.320930E+00, 4.810546E-01, 
2.199942E+00, -1.322356E+00, 4.820033E-01, 
2.201671E+00, -1.323785E+00, 4.829533E-01, 
2.203399E+00, -1.325216E+00, 4.839047E-01, 
2.205127E+00, -1.326650E+00, 4.848574E-01, 
2.206855E+00, -1.328086E+00, 4.858116E-01, 
2.208583E+00, -1.329524E+00, 4.867671E-01, 
2.210311E+00, -1.330965E+00, 4.877239E-01, 
2.212040E+00, -1.332408E+00, 4.886822E-01, 
2.213768E+00, -1.333854E+00, 4.896418E-01, 
2.215496E+00, -1.335302E+00, 4.906029E-01, 
2.217224E+00, -1.336753E+00, 4.915653E-01, 
2.218952E+00, -1.338206E+00, 4.925292E-01, 
2.220680E+00, -1.339661E+00, 4.934945E-01, 
2.222409E+00, -1.341119E+00, 4.944611E-01, 
2.224137E+00, -1.342580E+00, 4.954292E-01, 
2.225865E+00, -1.344043E+00, 4.963988E-01, 
2.227593E+00, -1.345509E+00, 4.973697E-01, 
2.229321E+00, -1.346977E+00, 4.983421E-01, 
2.231049E+00, -1.348447E+00, 4.993159E-01, 
2.232777E+00, -1.349920E+00, 5.002912E-01, 
2.234506E+00, -1.351396E+00, 5.012679E-01, 
2.236234E+00, -1.352874E+00, 5.022461E-01, 
2.237962E+00, -1.354355E+00, 5.032258E-01, 
2.239690E+00, -1.355838E+00, 5.042069E-01, 
2.241418E+00, -1.357324E+00, 5.051894E-01, 
2.243146E+00, -1.358813E+00, 5.061735E-01, 
2.244875E+00, -1.360304E+00, 5.071590E-01, 
2.246603E+00, -1.361798E+00, 5.081461E-01, 
2.248331E+00, -1.363294E+00, 5.091346E-01, 
2.250059E+00, -1.364793E+00, 5.101246E-01, 
2.251787E+00, -1.366295E+00, 5.111161E-01, 
2.253515E+00, -1.367799E+00, 5.121091E-01, 
2.255243E+00, -1.369306E+00, 5.131037E-01, 
2.256972E+00, -1.370816E+00, 5.140998E-01, 
2.258700E+00, -1.372328E+00, 5.150973E-01, 
2.260428E+00, -1.373843E+00, 5.160965E-01, 
2.262156E+00, -1.375361E+00, 5.170971E-01, 
2.263884E+00, -1.376882E+00, 5.180993E-01, 
2.265612E+00, -1.378405E+00, 5.191031E-01, 
2.267341E+00, -1.379931E+00, 5.201084E-01, 
2.269069E+00, -1.381459E+00, 5.211152E-01, 
2.270797E+00, -1.382991E+00, 5.221236E-01, 
2.272525E+00, -1.384525E+00, 5.231336E-01, 
2.274253E+00, -1.386062E+00, 5.241452E-01, 
2.275981E+00, -1.387602E+00, 5.251583E-01, 
2.277709E+00, -1.389144E+00, 5.261731E-01, 
2.279438E+00, -1.390690E+00, 5.271894E-01, 
2.281166E+00, -1.392238E+00, 5.282073E-01, 
2.282894E+00, -1.393789E+00, 5.292269E-01, 
2.284622E+00, -1.395343E+00, 5.302480E-01, 
2.286350E+00, -1.396899E+00, 5.312708E-01, 
2.288078E+00, -1.398459E+00, 5.322952E-01, 
2.289807E+00, -1.400021E+00, 5.333212E-01, 
2.291535E+00, -1.401586E+00, 5.343488E-01, 
2.293263E+00, -1.403155E+00, 5.353781E-01, 
2.294991E+00, -1.404726E+00, 5.364091E-01, 
2.296719E+00, -1.406300E+00, 5.374416E-01, 
2.298447E+00, -1.407877E+00, 5.384759E-01, 
2.300176E+00, -1.409456E+00, 5.395118E-01, 
2.301904E+00, -1.411039E+00, 5.405494E-01, 
2.303632E+00, -1.412625E+00, 5.415887E-01, 
2.305360E+00, -1.414214E+00, 5.426296E-01, 
2.307088E+00, -1.415805E+00, 5.436723E-01, 
2.308816E+00, -1.417400E+00, 5.447166E-01, 
2.310544E+00, -1.418998E+00, 5.457627E-01, 
2.312273E+00, -1.420598E+00, 5.468104E-01, 
2.314001E+00, -1.422202E+00, 5.478599E-01, 
2.315729E+00, -1.423809E+00, 5.489111E-01, 
2.317457E+00, -1.425419E+00, 5.499640E-01, 
2.319185E+00, -1.427031E+00, 5.510187E-01, 
2.320913E+00, -1.428647E+00, 5.520751E-01, 
2.322642E+00, -1.430266E+00, 5.531332E-01, 
2.324370E+00, -1.431889E+00, 5.541931E-01, 
2.326098E+00, -1.433514E+00, 5.552548E-01, 
2.327826E+00, -1.435142E+00, 5.563182E-01, 
2.329554E+00, -1.436774E+00, 5.573834E-01, 
2.331282E+00, -1.438408E+00, 5.584504E-01, 
2.333010E+00, -1.440046E+00, 5.595192E-01, 
2.334739E+00, -1.441687E+00, 5.605898E-01, 
2.336467E+00, -1.443331E+00, 5.616622E-01, 
2.338195E+00, -1.444979E+00, 5.627364E-01, 
2.339923E+00, -1.446629E+00, 5.638124E-01, 
2.341651E+00, -1.448283E+00, 5.648903E-01, 
2.343379E+00, -1.449940E+00, 5.659699E-01, 
2.345108E+00, -1.451600E+00, 5.670514E-01, 
2.346836E+00, -1.453264E+00, 5.681348E-01, 
2.348564E+00, -1.454930E+00, 5.692200E-01, 
2.350292E+00, -1.456600E+00, 5.703071E-01, 
2.352020E+00, -1.458274E+00, 5.713960E-01, 
2.353748E+00, -1.459950E+00, 5.724868E-01, 
2.355477E+00, -1.461630E+00, 5.735795E-01, 
2.357205E+00, -1.463314E+00, 5.746741E-01, 
2.358933E+00, -1.465000E+00, 5.757706E-01, 
2.360661E+00, -1.466691E+00, 5.768690E-01, 
2.362389E+00, -1.468384E+00, 5.779693E-01, 
2.364117E+00, -1.470081E+00, 5.790715E-01, 
2.365845E+00, -1.471781E+00, 5.801756E-01, 
2.367574E+00, -1.473485E+00, 5.812817E-01, 
2.369302E+00, -1.475192E+00, 5.823897E-01, 
2.371030E+00, -1.476902E+00, 5.834997E-01, 
2.372758E+00, -1.478616E+00, 5.846116E-01, 
2.374486E+00, -1.480334E+00, 5.857255E-01, 
2.376214E+00, -1.482055E+00, 5.868414E-01, 
2.377943E+00, -1.483779E+00, 5.879592E-01, 
2.379671E+00, -1.485507E+00, 5.890791E-01, 
2.381399E+00, -1.487238E+00, 5.902009E-01, 
2.383127E+00, -1.488973E+00, 5.913248E-01, 
2.384855E+00, -1.490712E+00, 5.924506E-01, 
2.386583E+00, -1.492454E+00, 5.935785E-01, 
2.388311E+00, -1.494200E+00, 5.947084E-01, 
2.390040E+00, -1.495949E+00, 5.958403E-01, 
2.391768E+00, -1.497702E+00, 5.969743E-01, 
2.393496E+00, -1.499459E+00, 5.981103E-01, 
2.395224E+00, -1.501219E+00, 5.992484E-01, 
2.396952E+00, -1.502983E+00, 6.003886E-01, 
2.398680E+00, -1.504750E+00, 6.015309E-01, 
2.400409E+00, -1.506522E+00, 6.026752E-01, 
2.402137E+00, -1.508297E+00, 6.038216E-01, 
2.403865E+00, -1.510075E+00, 6.049702E-01, 
2.405593E+00, -1.511858E+00, 6.061208E-01, 
2.407321E+00, -1.513644E+00, 6.072736E-01, 
2.409049E+00, -1.515434E+00, 6.084285E-01, 
2.410778E+00, -1.517228E+00, 6.095855E-01, 
2.412506E+00, -1.519025E+00, 6.107447E-01, 
2.414234E+00, -1.520827E+00, 6.119061E-01, 
2.415962E+00, -1.522632E+00, 6.130696E-01, 
2.417690E+00, -1.524441E+00, 6.142353E-01, 
2.419418E+00, -1.526254E+00, 6.154031E-01, 
2.421146E+00, -1.528071E+00, 6.165732E-01, 
2.422875E+00, -1.529891E+00, 6.177455E-01, 
2.424603E+00, -1.531716E+00, 6.189199E-01, 
2.426331E+00, -1.533545E+00, 6.200966E-01, 
2.428059E+00, -1.535377E+00, 6.212755E-01, 
2.429787E+00, -1.537213E+00, 6.224567E-01, 
2.431515E+00, -1.539054E+00, 6.236401E-01, 
2.433244E+00, -1.540898E+00, 6.248258E-01, 
2.434972E+00, -1.542747E+00, 6.260137E-01, 
2.436700E+00, -1.544599E+00, 6.272039E-01, 
2.438428E+00, -1.546456E+00, 6.283964E-01, 
2.440156E+00, -1.548316E+00, 6.295912E-01, 
2.441884E+00, -1.550181E+00, 6.307883E-01, 
2.443612E+00, -1.552050E+00, 6.319877E-01, 
2.445341E+00, -1.553923E+00, 6.331894E-01, 
2.447069E+00, -1.555800E+00, 6.343935E-01, 
2.448797E+00, -1.557681E+00, 6.355999E-01, 
2.450525E+00, -1.559566E+00, 6.368087E-01, 
2.452253E+00, -1.561456E+00, 6.380198E-01, 
2.453981E+00, -1.563350E+00, 6.392333E-01, 
2.455710E+00, -1.565248E+00, 6.404492E-01, 
2.457438E+00, -1.567150E+00, 6.416675E-01, 
2.459166E+00, -1.569056E+00, 6.428882E-01, 
2.460894E+00, -1.570967E+00, 6.441113E-01, 
2.462622E+00, -1.572882E+00, 6.453368E-01, 
2.464350E+00, -1.574802E+00, 6.465648E-01, 
2.466078E+00, -1.576725E+00, 6.477952E-01, 
2.467807E+00, -1.578653E+00, 6.490280E-01, 
2.469535E+00, -1.580586E+00, 6.502634E-01, 
2.471263E+00, -1.582523E+00, 6.515012E-01, 
2.472991E+00, -1.584464E+00, 6.527415E-01, 
2.474719E+00, -1.586410E+00, 6.539843E-01, 
2.476447E+00, -1.588360E+00, 6.552296E-01, 
2.478176E+00, -1.590315E+00, 6.564775E-01, 
2.479904E+00, -1.592274E+00, 6.577278E-01, 
2.481632E+00, -1.594237E+00, 6.589807E-01, 
2.483360E+00, -1.596206E+00, 6.602362E-01, 
2.485088E+00, -1.598178E+00, 6.614942E-01, 
2.486816E+00, -1.600156E+00, 6.627549E-01, 
2.488545E+00, -1.602138E+00, 6.640181E-01, 
2.490273E+00, -1.604124E+00, 6.652839E-01, 
2.492001E+00, -1.606115E+00, 6.665523E-01, 
2.493729E+00, -1.608111E+00, 6.678233E-01, 
2.495457E+00, -1.610112E+00, 6.690970E-01, 
2.497185E+00, -1.612117E+00, 6.703733E-01, 
2.498913E+00, -1.614127E+00, 6.716523E-01, 
2.500642E+00, -1.616142E+00, 6.729340E-01, 
2.502370E+00, -1.618161E+00, 6.742183E-01, 
2.504098E+00, -1.620185E+00, 6.755053E-01, 
2.505826E+00, -1.622214E+00, 6.767951E-01, 
2.507554E+00, -1.624248E+00, 6.780875E-01, 
2.509282E+00, -1.626287E+00, 6.793827E-01, 
2.511011E+00, -1.628330E+00, 6.806807E-01, 
2.512739E+00, -1.630379E+00, 6.819813E-01, 
2.514467E+00, -1.632432E+00, 6.832848E-01, 
2.516195E+00, -1.634491E+00, 6.845910E-01, 
2.517923E+00, -1.636554E+00, 6.859001E-01, 
2.519651E+00, -1.638622E+00, 6.872119E-01, 
2.521379E+00, -1.640696E+00, 6.885266E-01, 
2.523108E+00, -1.642774E+00, 6.898441E-01, 
2.524836E+00, -1.644857E+00, 6.911644E-01, 
2.526564E+00, -1.646946E+00, 6.924876E-01, 
2.528292E+00, -1.649039E+00, 6.938137E-01, 
2.530020E+00, -1.651138E+00, 6.951426E-01, 
2.531748E+00, -1.653242E+00, 6.964744E-01, 
2.533477E+00, -1.655351E+00, 6.978092E-01, 
2.535205E+00, -1.657465E+00, 6.991469E-01, 
2.536933E+00, -1.659585E+00, 7.004875E-01, 
2.538661E+00, -1.661709E+00, 7.018311E-01, 
2.540389E+00, -1.663839E+00, 7.031776E-01, 
2.542117E+00, -1.665975E+00, 7.045271E-01, 
2.543846E+00, -1.668115E+00, 7.058797E-01, 
2.545574E+00, -1.670261E+00, 7.072352E-01, 
2.547302E+00, -1.672413E+00, 7.085937E-01, 
2.549030E+00, -1.674569E+00, 7.099553E-01, 
2.550758E+00, -1.676732E+00, 7.113199E-01, 
2.552486E+00, -1.678899E+00, 7.126876E-01, 
2.554214E+00, -1.681072E+00, 7.140584E-01, 
2.555943E+00, -1.683251E+00, 7.154322E-01, 
2.557671E+00, -1.685435E+00, 7.168092E-01, 
2.559399E+00, -1.687625E+00, 7.181893E-01, 
2.561127E+00, -1.689820E+00, 7.195725E-01, 
2.562855E+00, -1.692021E+00, 7.209589E-01, 
2.564583E+00, -1.694227E+00, 7.223484E-01, 
2.566312E+00, -1.696439E+00, 7.237412E-01, 
2.568040E+00, -1.698657E+00, 7.251371E-01, 
2.569768E+00, -1.700881E+00, 7.265362E-01, 
2.571496E+00, -1.703110E+00, 7.279386E-01, 
2.573224E+00, -1.705345E+00, 7.293442E-01, 
2.574952E+00, -1.707586E+00, 7.307531E-01, 
2.576680E+00, -1.709833E+00, 7.321653E-01, 
2.578409E+00, -1.712086E+00, 7.335807E-01, 
2.580137E+00, -1.714344E+00, 7.349995E-01, 
2.581865E+00, -1.716609E+00, 7.364215E-01, 
2.583593E+00, -1.718879E+00, 7.378469E-01, 
2.585321E+00, -1.721155E+00, 7.392757E-01, 
2.587049E+00, -1.723438E+00, 7.407079E-01, 
2.588778E+00, -1.725726E+00, 7.421434E-01, 
2.590506E+00, -1.728021E+00, 7.435823E-01, 
2.592234E+00, -1.730321E+00, 7.450247E-01, 
2.593962E+00, -1.732628E+00, 7.464705E-01, 
2.595690E+00, -1.734941E+00, 7.479197E-01, 
2.597418E+00, -1.737260E+00, 7.493725E-01, 
2.599146E+00, -1.739585E+00, 7.508287E-01, 
2.600875E+00, -1.741917E+00, 7.522884E-01, 
2.602603E+00, -1.744255E+00, 7.537517E-01, 
2.604331E+00, -1.746599E+00, 7.552185E-01, 
2.606059E+00, -1.748949E+00, 7.566888E-01, 
2.607787E+00, -1.751306E+00, 7.581628E-01, 
2.609515E+00, -1.753669E+00, 7.596403E-01, 
2.611244E+00, -1.756039E+00, 7.611214E-01, 
2.612972E+00, -1.758415E+00, 7.626062E-01, 
2.614700E+00, -1.760798E+00, 7.640947E-01, 
2.616428E+00, -1.763187E+00, 7.655868E-01, 
2.618156E+00, -1.765583E+00, 7.670825E-01, 
2.619884E+00, -1.767986E+00, 7.685820E-01, 
2.621613E+00, -1.770395E+00, 7.700853E-01, 
2.623341E+00, -1.772811E+00, 7.715922E-01, 
2.625069E+00, -1.775233E+00, 7.731030E-01, 
2.626797E+00, -1.777662E+00, 7.746175E-01, 
2.628525E+00, -1.780098E+00, 7.761358E-01, 
2.630253E+00, -1.782541E+00, 7.776579E-01, 
2.631981E+00, -1.784991E+00, 7.791839E-01, 
2.633710E+00, -1.787447E+00, 7.807138E-01, 
2.635438E+00, -1.789911E+00, 7.822475E-01, 
2.637166E+00, -1.792382E+00, 7.837851E-01, 
2.638894E+00, -1.794859E+00, 7.853267E-01, 
2.640622E+00, -1.797344E+00, 7.868722E-01, 
2.642350E+00, -1.799835E+00, 7.884216E-01, 
2.644079E+00, -1.802334E+00, 7.899751E-01, 
2.645807E+00, -1.804840E+00, 7.915325E-01, 
2.647535E+00, -1.807353E+00, 7.930940E-01, 
2.649263E+00, -1.809873E+00, 7.946595E-01, 
2.650991E+00, -1.812401E+00, 7.962291E-01, 
2.652719E+00, -1.814936E+00, 7.978028E-01, 
2.654447E+00, -1.817478E+00, 7.993806E-01, 
2.656176E+00, -1.820027E+00, 8.009625E-01, 
2.657904E+00, -1.822584E+00, 8.025486E-01, 
2.659632E+00, -1.825149E+00, 8.041388E-01, 
2.661360E+00, -1.827721E+00, 8.057333E-01, 
2.663088E+00, -1.830301E+00, 8.073319E-01, 
2.664816E+00, -1.832888E+00, 8.089349E-01, 
2.666545E+00, -1.835482E+00, 8.105421E-01, 
2.668273E+00, -1.838085E+00, 8.121535E-01, 
2.670001E+00, -1.840695E+00, 8.137693E-01, 
2.671729E+00, -1.843313E+00, 8.153895E-01, 
2.673457E+00, -1.845939E+00, 8.170140E-01, 
2.675185E+00, -1.848572E+00, 8.186428E-01, 
2.676914E+00, -1.851213E+00, 8.202761E-01, 
2.678642E+00, -1.853863E+00, 8.219138E-01, 
2.680370E+00, -1.856520E+00, 8.235560E-01, 
2.682098E+00, -1.859185E+00, 8.252027E-01, 
2.683826E+00, -1.861859E+00, 8.268538E-01, 
2.685554E+00, -1.864540E+00, 8.285095E-01, 
2.687282E+00, -1.867230E+00, 8.301698E-01, 
2.689011E+00, -1.869928E+00, 8.318346E-01, 
2.690739E+00, -1.872634E+00, 8.335040E-01, 
2.692467E+00, -1.875348E+00, 8.351781E-01, 
2.694195E+00, -1.878071E+00, 8.368568E-01, 
2.695923E+00, -1.880802E+00, 8.385402E-01, 
2.697651E+00, -1.883541E+00, 8.402283E-01, 
2.699380E+00, -1.886289E+00, 8.419212E-01, 
2.701108E+00, -1.889046E+00, 8.436188E-01, 
2.702836E+00, -1.891811E+00, 8.453212E-01, 
2.704564E+00, -1.894584E+00, 8.470284E-01, 
2.706292E+00, -1.897367E+00, 8.487405E-01, 
2.708020E+00, -1.900158E+00, 8.504574E-01, 
2.709748E+00, -1.902957E+00, 8.521793E-01, 
2.711477E+00, -1.905766E+00, 8.539060E-01, 
2.713205E+00, -1.908584E+00, 8.556377E-01, 
2.714933E+00, -1.911410E+00, 8.573744E-01, 
2.716661E+00, -1.914245E+00, 8.591162E-01, 
2.718389E+00, -1.917090E+00, 8.608629E-01, 
2.720117E+00, -1.919943E+00, 8.626147E-01, 
2.721846E+00, -1.922806E+00, 8.643716E-01, 
2.723574E+00, -1.925678E+00, 8.661337E-01, 
2.725302E+00, -1.928559E+00, 8.679009E-01, 
2.727030E+00, -1.931449E+00, 8.696733E-01, 
2.728758E+00, -1.934349E+00, 8.714509E-01, 
2.730486E+00, -1.937258E+00, 8.732338E-01, 
2.732215E+00, -1.940177E+00, 8.750219E-01, 
2.733943E+00, -1.943105E+00, 8.768154E-01, 
2.735671E+00, -1.946042E+00, 8.786141E-01, 
2.737399E+00, -1.948990E+00, 8.804183E-01, 
2.739127E+00, -1.951947E+00, 8.822279E-01, 
2.740855E+00, -1.954913E+00, 8.840429E-01, 
2.742583E+00, -1.957890E+00, 8.858634E-01, 
2.744312E+00, -1.960876E+00, 8.876893E-01, 
2.746040E+00, -1.963873E+00, 8.895209E-01, 
2.747768E+00, -1.966879E+00, 8.913579E-01, 
2.749496E+00, -1.969895E+00, 8.932006E-01, 
2.751224E+00, -1.972922E+00, 8.950489E-01, 
2.752952E+00, -1.975958E+00, 8.969029E-01, 
2.754681E+00, -1.979005E+00, 8.987626E-01, 
2.756409E+00, -1.982062E+00, 9.006280E-01, 
2.758137E+00, -1.985130E+00, 9.024992E-01, 
2.759865E+00, -1.988208E+00, 9.043762E-01, 
2.761593E+00, -1.991296E+00, 9.062591E-01, 
2.763321E+00, -1.994395E+00, 9.081478E-01, 
2.765049E+00, -1.997505E+00, 9.100425E-01, 
2.766778E+00, -2.000625E+00, 9.119431E-01, 
2.768506E+00, -2.003756E+00, 9.138496E-01, 
2.770234E+00, -2.006898E+00, 9.157623E-01, 
2.771962E+00, -2.010050E+00, 9.176809E-01, 
2.773690E+00, -2.013214E+00, 9.196057E-01, 
2.775418E+00, -2.016389E+00, 9.215366E-01, 
2.777147E+00, -2.019574E+00, 9.234737E-01, 
2.778875E+00, -2.022771E+00, 9.254170E-01, 
2.780603E+00, -2.025979E+00, 9.273665E-01, 
2.782331E+00, -2.029199E+00, 9.293224E-01, 
2.784059E+00, -2.032429E+00, 9.312845E-01, 
2.785787E+00, -2.035672E+00, 9.332531E-01, 
2.787515E+00, -2.038925E+00, 9.352281E-01, 
2.789244E+00, -2.042191E+00, 9.372095E-01, 
2.790972E+00, -2.045468E+00, 9.391974E-01, 
2.792700E+00, -2.048756E+00, 9.411918E-01, 
2.794428E+00, -2.052057E+00, 9.431929E-01, 
2.796156E+00, -2.055369E+00, 9.452005E-01, 
2.797884E+00, -2.058694E+00, 9.472148E-01, 
2.799613E+00, -2.062030E+00, 9.492358E-01, 
2.801341E+00, -2.065379E+00, 9.512636E-01, 
2.803069E+00, -2.068740E+00, 9.532981E-01, 
2.804797E+00, -2.072113E+00, 9.553395E-01, 
2.806525E+00, -2.075498E+00, 9.573878E-01, 
2.808253E+00, -2.078896E+00, 9.594430E-01, 
2.809982E+00, -2.082306E+00, 9.615052E-01, 
2.811710E+00, -2.085729E+00, 9.635744E-01, 
2.813438E+00, -2.089165E+00, 9.656506E-01, 
2.815166E+00, -2.092614E+00, 9.677340E-01, 
2.816894E+00, -2.096075E+00, 9.698245E-01, 
2.818622E+00, -2.099550E+00, 9.719222E-01, 
2.820350E+00, -2.103037E+00, 9.740272E-01, 
2.822079E+00, -2.106537E+00, 9.761395E-01, 
2.823807E+00, -2.110051E+00, 9.782592E-01, 
2.825535E+00, -2.113578E+00, 9.803862E-01, 
2.827263E+00, -2.117119E+00, 9.825207E-01, 
2.828991E+00, -2.120673E+00, 9.846627E-01, 
2.830719E+00, -2.124240E+00, 9.868122E-01, 
2.832448E+00, -2.127821E+00, 9.889693E-01, 
2.834176E+00, -2.131416E+00, 9.911341E-01, 
2.835904E+00, -2.135025E+00, 9.933066E-01, 
2.837632E+00, -2.138648E+00, 9.954869E-01, 
2.839360E+00, -2.142285E+00, 9.976750E-01, 
2.841088E+00, -2.145936E+00, 9.998709E-01, 
2.842816E+00, -2.149601E+00, 1.002075E+00, 
2.844545E+00, -2.153281E+00, 1.004287E+00, 
2.846273E+00, -2.156975E+00, 1.006506E+00, 
2.848001E+00, -2.160684E+00, 1.008734E+00, 
2.849729E+00, -2.164407E+00, 1.010971E+00, 
2.851457E+00, -2.168145E+00, 1.013215E+00, 
2.853185E+00, -2.171898E+00, 1.015467E+00, 
2.854914E+00, -2.175666E+00, 1.017728E+00, 
2.856642E+00, -2.179449E+00, 1.019998E+00, 
2.858370E+00, -2.183248E+00, 1.022275E+00, 
2.860098E+00, -2.187061E+00, 1.024561E+00, 
2.861826E+00, -2.190890E+00, 1.026856E+00, 
2.863554E+00, -2.194735E+00, 1.029159E+00, 
2.865283E+00, -2.198595E+00, 1.031471E+00, 
2.867011E+00, -2.202471E+00, 1.033792E+00, 
2.868739E+00, -2.206362E+00, 1.036122E+00, 
2.870467E+00, -2.210270E+00, 1.038460E+00, 
2.872195E+00, -2.214194E+00, 1.040808E+00, 
2.873923E+00, -2.218134E+00, 1.043164E+00, 
2.875651E+00, -2.222090E+00, 1.045529E+00, 
2.877380E+00, -2.226063E+00, 1.047904E+00, 
2.879108E+00, -2.230053E+00, 1.050288E+00, 
2.880836E+00, -2.234059E+00, 1.052681E+00, 
2.882564E+00, -2.238082E+00, 1.055083E+00, 
2.884292E+00, -2.242121E+00, 1.057495E+00, 
2.886020E+00, -2.246178E+00, 1.059916E+00, 
2.887749E+00, -2.250253E+00, 1.062347E+00, 
2.889477E+00, -2.254344E+00, 1.064787E+00, 
2.891205E+00, -2.258453E+00, 1.067237E+00, 
2.892933E+00, -2.262580E+00, 1.069697E+00, 
2.894661E+00, -2.266724E+00, 1.072166E+00, 
2.896389E+00, -2.270886E+00, 1.074646E+00, 
2.898117E+00, -2.275066E+00, 1.077135E+00, 
2.899846E+00, -2.279264E+00, 1.079635E+00, 
2.901574E+00, -2.283481E+00, 1.082145E+00, 
2.903302E+00, -2.287716E+00, 1.084665E+00, 
2.905030E+00, -2.291970E+00, 1.087195E+00, 
2.906758E+00, -2.296242E+00, 1.089735E+00, 
2.908486E+00, -2.300533E+00, 1.092286E+00, 
2.910215E+00, -2.304843E+00, 1.094848E+00, 
2.911943E+00, -2.309173E+00, 1.097420E+00, 
2.913671E+00, -2.313521E+00, 1.100003E+00, 
2.915399E+00, -2.317889E+00, 1.102597E+00, 
2.917127E+00, -2.322277E+00, 1.105201E+00, 
2.918855E+00, -2.326685E+00, 1.107816E+00, 
2.920584E+00, -2.331112E+00, 1.110443E+00, 
2.922312E+00, -2.335560E+00, 1.113080E+00, 
2.924040E+00, -2.340027E+00, 1.115729E+00, 
2.925768E+00, -2.344516E+00, 1.118389E+00, 
2.927496E+00, -2.349024E+00, 1.121061E+00, 
2.929224E+00, -2.353554E+00, 1.123744E+00, 
2.930952E+00, -2.358104E+00, 1.126438E+00, 
2.932681E+00, -2.362676E+00, 1.129144E+00, 
2.934409E+00, -2.367269E+00, 1.131862E+00, 
2.936137E+00, -2.371883E+00, 1.134592E+00, 
2.937865E+00, -2.376519E+00, 1.137334E+00, 
2.939593E+00, -2.381176E+00, 1.140088E+00, 
2.941321E+00, -2.385856E+00, 1.142854E+00, 
2.943050E+00, -2.390557E+00, 1.145632E+00, 
2.944778E+00, -2.395282E+00, 1.148423E+00, 
2.946506E+00, -2.400028E+00, 1.151226E+00, 
2.948234E+00, -2.404797E+00, 1.154041E+00, 
2.949962E+00, -2.409590E+00, 1.156870E+00, 
2.951690E+00, -2.414405E+00, 1.159711E+00, 
2.953418E+00, -2.419244E+00, 1.162565E+00, 
2.955147E+00, -2.424106E+00, 1.165431E+00, 
2.956875E+00, -2.428992E+00, 1.168311E+00, 
2.958603E+00, -2.433901E+00, 1.171205E+00, 
2.960331E+00, -2.438835E+00, 1.174111E+00, 
2.962059E+00, -2.443793E+00, 1.177031E+00, 
2.963787E+00, -2.448776E+00, 1.179965E+00, 
2.965516E+00, -2.453783E+00, 1.182912E+00, 
2.967244E+00, -2.458816E+00, 1.185873E+00, 
2.968972E+00, -2.463873E+00, 1.188848E+00, 
2.970700E+00, -2.468956E+00, 1.191837E+00, 
2.972428E+00, -2.474065E+00, 1.194840E+00, 
2.974156E+00, -2.479199E+00, 1.197857E+00, 
2.975884E+00, -2.484360E+00, 1.200889E+00, 
2.977613E+00, -2.489546E+00, 1.203935E+00, 
2.979341E+00, -2.494760E+00, 1.206996E+00, 
2.981069E+00, -2.500000E+00, 1.210072E+00, 
2.982797E+00, -2.505267E+00, 1.213162E+00, 
2.984525E+00, -2.510562E+00, 1.216268E+00, 
2.986253E+00, -2.515884E+00, 1.219389E+00, 
2.987982E+00, -2.521233E+00, 1.222525E+00, 
2.989710E+00, -2.526611E+00, 1.225677E+00, 
2.991438E+00, -2.532017E+00, 1.228844E+00, 
2.993166E+00, -2.537452E+00, 1.232027E+00, 
2.994894E+00, -2.542915E+00, 1.235226E+00, 
2.996622E+00, -2.548408E+00, 1.238441E+00, 
2.998351E+00, -2.553930E+00, 1.241672E+00, 
3.000079E+00, -2.559481E+00, 1.244920E+00, 
3.001807E+00, -2.565062E+00, 1.248184E+00, 
3.003535E+00, -2.570674E+00, 1.251464E+00, 
3.005263E+00, -2.576316E+00, 1.254762E+00, 
3.006991E+00, -2.581989E+00, 1.258076E+00, 
3.008719E+00, -2.587693E+00, 1.261408E+00, 
3.010448E+00, -2.593428E+00, 1.264757E+00, 
3.012176E+00, -2.599195E+00, 1.268123E+00, 
3.013904E+00, -2.604994E+00, 1.271507E+00, 
3.015632E+00, -2.610825E+00, 1.274909E+00, 
3.017360E+00, -2.616689E+00, 1.278328E+00, 
3.019088E+00, -2.622585E+00, 1.281766E+00, 
3.020817E+00, -2.628515E+00, 1.285222E+00, 
3.022545E+00, -2.634478E+00, 1.288697E+00, 
3.024273E+00, -2.640476E+00, 1.292190E+00, 
3.026001E+00, -2.646507E+00, 1.295702E+00, 
3.027729E+00, -2.652573E+00, 1.299233E+00, 
3.029457E+00, -2.658674E+00, 1.302784E+00, 
3.031185E+00, -2.664810E+00, 1.306353E+00, 
3.032914E+00, -2.670982E+00, 1.309943E+00, 
3.034642E+00, -2.677190E+00, 1.313552E+00, 
3.036370E+00, -2.683434E+00, 1.317181E+00, 
3.038098E+00, -2.689715E+00, 1.320831E+00, 
3.039826E+00, -2.696033E+00, 1.324500E+00, 
3.041554E+00, -2.702389E+00, 1.328191E+00, 
3.043283E+00, -2.708782E+00, 1.331902E+00, 
3.045011E+00, -2.715214E+00, 1.335635E+00, 
3.046739E+00, -2.721684E+00, 1.339388E+00, 
3.048467E+00, -2.728193E+00, 1.343164E+00, 
3.050195E+00, -2.734742E+00, 1.346960E+00, 
3.051923E+00, -2.741331E+00, 1.350779E+00, 
3.053652E+00, -2.747960E+00, 1.354620E+00, 
3.055380E+00, -2.754629E+00, 1.358484E+00, 
3.057108E+00, -2.761340E+00, 1.362370E+00, 
3.058836E+00, -2.768093E+00, 1.366279E+00, 
3.060564E+00, -2.774887E+00, 1.370211E+00, 
3.062292E+00, -2.781725E+00, 1.374166E+00, 
3.064020E+00, -2.788605E+00, 1.378145E+00, 
3.065749E+00, -2.795528E+00, 1.382148E+00, 
3.067477E+00, -2.802496E+00, 1.386176E+00, 
3.069205E+00, -2.809508E+00, 1.390227E+00, 
3.070933E+00, -2.816565E+00, 1.394304E+00, 
3.072661E+00, -2.823667E+00, 1.398405E+00, 
3.074389E+00, -2.830815E+00, 1.402531E+00, 
3.076118E+00, -2.838010E+00, 1.406683E+00, 
3.077846E+00, -2.845251E+00, 1.410861E+00, 
3.079574E+00, -2.852540E+00, 1.415065E+00, 
3.081302E+00, -2.859877E+00, 1.419295E+00, 
3.083030E+00, -2.867263E+00, 1.423552E+00, 
3.084758E+00, -2.874698E+00, 1.427836E+00, 
3.086486E+00, -2.882183E+00, 1.432148E+00, 
3.088215E+00, -2.889718E+00, 1.436486E+00, 
3.089943E+00, -2.897303E+00, 1.440853E+00, 
3.091671E+00, -2.904940E+00, 1.445248E+00, 
3.093399E+00, -2.912630E+00, 1.449672E+00, 
3.095127E+00, -2.920372E+00, 1.454125E+00, 
3.096855E+00, -2.928167E+00, 1.458607E+00, 
3.098584E+00, -2.936016E+00, 1.463118E+00, 
3.100312E+00, -2.943920E+00, 1.467660E+00, 
3.102040E+00, -2.951879E+00, 1.472232E+00, 
3.103768E+00, -2.959895E+00, 1.476834E+00, 
3.105496E+00, -2.967966E+00, 1.481468E+00, 
3.107224E+00, -2.976095E+00, 1.486133E+00, 
3.108952E+00, -2.984282E+00, 1.490830E+00, 
3.110681E+00, -2.992528E+00, 1.495559E+00, 
3.112409E+00, -3.000833E+00, 1.500320E+00, 
3.114137E+00, -3.009199E+00, 1.505115E+00, 
3.115865E+00, -3.017625E+00, 1.509943E+00, 
3.117593E+00, -3.026113E+00, 1.514805E+00, 
3.119321E+00, -3.034664E+00, 1.519701E+00, 
3.121050E+00, -3.043278E+00, 1.524632E+00, 
3.122778E+00, -3.051956E+00, 1.529599E+00, 
3.124506E+00, -3.060699E+00, 1.534600E+00, 
3.126234E+00, -3.069507E+00, 1.539638E+00, 
3.127962E+00, -3.078383E+00, 1.544712E+00, 
3.129690E+00, -3.087326E+00, 1.549824E+00, 
3.131419E+00, -3.096337E+00, 1.554972E+00, 
3.133147E+00, -3.105417E+00, 1.560159E+00, 
3.134875E+00, -3.114568E+00, 1.565384E+00, 
3.136603E+00, -3.123790E+00, 1.570648E+00, 
3.138331E+00, -3.133084E+00, 1.575952E+00, 
3.140059E+00, -3.142451E+00, 1.581296E+00, 
3.141787E+00, -3.151892E+00, 1.586680E+00, 
3.143516E+00, -3.161409E+00, 1.592106E+00, 
3.145244E+00, -3.171001E+00, 1.597573E+00, 
3.146972E+00, -3.180671E+00, 1.603082E+00, 
3.148700E+00, -3.190419E+00, 1.608634E+00, 
3.150428E+00, -3.200246E+00, 1.614230E+00, 
3.152156E+00, -3.210153E+00, 1.619870E+00, 
3.153885E+00, -3.220143E+00, 1.625554E+00, 
3.155613E+00, -3.230214E+00, 1.631283E+00, 
3.157341E+00, -3.240370E+00, 1.637059E+00, 
3.159069E+00, -3.250611E+00, 1.642881E+00, 
3.160797E+00, -3.260939E+00, 1.648750E+00, 
3.162525E+00, -3.271354E+00, 1.654668E+00, 
3.164253E+00, -3.281857E+00, 1.660634E+00, 
3.165982E+00, -3.292451E+00, 1.666649E+00, 
3.167710E+00, -3.303137E+00, 1.672714E+00, 
3.169438E+00, -3.313915E+00, 1.678830E+00, 
3.171166E+00, -3.324788E+00, 1.684998E+00, 
3.172894E+00, -3.335757E+00, 1.691218E+00, 
3.174622E+00, -3.346822E+00, 1.697491E+00, 
3.176351E+00, -3.357987E+00, 1.703818E+00, 
3.178079E+00, -3.369251E+00, 1.710200E+00, 
3.179807E+00, -3.380617E+00, 1.716637E+00, 
3.181535E+00, -3.392086E+00, 1.723131E+00, 
3.183263E+00, -3.403661E+00, 1.729682E+00, 
3.184991E+00, -3.415341E+00, 1.736291E+00, 
3.186720E+00, -3.427130E+00, 1.742960E+00, 
3.188448E+00, -3.439029E+00, 1.749688E+00, 
3.190176E+00, -3.451040E+00, 1.756478E+00, 
3.191904E+00, -3.463164E+00, 1.763330E+00, 
3.193632E+00, -3.475404E+00, 1.770244E+00, 
3.195360E+00, -3.487761E+00, 1.777223E+00, 
3.197088E+00, -3.500237E+00, 1.784267E+00, 
3.198817E+00, -3.512834E+00, 1.791376E+00, 
3.200545E+00, -3.525554E+00, 1.798553E+00, 
3.202273E+00, -3.538399E+00, 1.805799E+00, 
3.204001E+00, -3.551372E+00, 1.813114E+00, 
3.205729E+00, -3.564475E+00, 1.820500E+00, 
3.207457E+00, -3.577709E+00, 1.827957E+00, 
3.209186E+00, -3.591077E+00, 1.835488E+00, 
3.210914E+00, -3.604581E+00, 1.843093E+00, 
3.212642E+00, -3.618225E+00, 1.850774E+00, 
3.214370E+00, -3.632009E+00, 1.858532E+00, 
3.216098E+00, -3.645937E+00, 1.866368E+00, 
3.217826E+00, -3.660011E+00, 1.874284E+00, 
3.219554E+00, -3.674235E+00, 1.882281E+00, 
3.221283E+00, -3.688609E+00, 1.890361E+00, 
3.223011E+00, -3.703139E+00, 1.898525E+00, 
3.224739E+00, -3.717825E+00, 1.906775E+00, 
3.226467E+00, -3.732671E+00, 1.915112E+00, 
3.228195E+00, -3.747681E+00, 1.923538E+00, 
3.229923E+00, -3.762857E+00, 1.932054E+00, 
3.231652E+00, -3.778202E+00, 1.940663E+00, 
3.233380E+00, -3.793720E+00, 1.949366E+00, 
3.235108E+00, -3.809413E+00, 1.958165E+00, 
3.236836E+00, -3.825286E+00, 1.967061E+00, 
3.238564E+00, -3.841342E+00, 1.976057E+00, 
3.240292E+00, -3.857584E+00, 1.985155E+00, 
3.242021E+00, -3.874016E+00, 1.994356E+00, 
3.243749E+00, -3.890642E+00, 2.003663E+00, 
3.245477E+00, -3.907466E+00, 2.013077E+00, 
3.247205E+00, -3.924492E+00, 2.022602E+00, 
3.248933E+00, -3.941724E+00, 2.032239E+00, 
3.250661E+00, -3.959167E+00, 2.041990E+00, 
3.252389E+00, -3.976824E+00, 2.051858E+00, 
3.254118E+00, -3.994700E+00, 2.061846E+00, 
3.255846E+00, -4.012800E+00, 2.071955E+00, 
3.257574E+00, -4.031129E+00, 2.082189E+00, 
3.259302E+00, -4.049691E+00, 2.092550E+00, 
3.261030E+00, -4.068493E+00, 2.103041E+00, 
3.262758E+00, -4.087538E+00, 2.113664E+00, 
3.264487E+00, -4.106832E+00, 2.124424E+00, 
3.266215E+00, -4.126382E+00, 2.135322E+00, 
3.267943E+00, -4.146192E+00, 2.146361E+00, 
3.269671E+00, -4.166269E+00, 2.157546E+00, 
3.271399E+00, -4.186619E+00, 2.168880E+00, 
3.273127E+00, -4.207248E+00, 2.180365E+00, 
3.274855E+00, -4.228163E+00, 2.192005E+00, 
3.276584E+00, -4.249370E+00, 2.203805E+00, 
3.278312E+00, -4.270876E+00, 2.215767E+00, 
3.280040E+00, -4.292690E+00, 2.227896E+00, 
3.281768E+00, -4.314817E+00, 2.240195E+00, 
3.283496E+00, -4.337267E+00, 2.252670E+00, 
3.285224E+00, -4.360046E+00, 2.265324E+00, 
3.286953E+00, -4.383163E+00, 2.278162E+00, 
3.288681E+00, -4.406628E+00, 2.291188E+00, 
3.290409E+00, -4.430448E+00, 2.304407E+00, 
3.292137E+00, -4.454632E+00, 2.317825E+00, 
3.293865E+00, -4.479192E+00, 2.331446E+00, 
3.295593E+00, -4.504135E+00, 2.345275E+00, 
3.297321E+00, -4.529473E+00, 2.359319E+00, 
3.299050E+00, -4.555217E+00, 2.373583E+00, 
3.300778E+00, -4.581377E+00, 2.388073E+00, 
3.302506E+00, -4.607964E+00, 2.402795E+00, 
3.304234E+00, -4.634991E+00, 2.417756E+00, 
3.305962E+00, -4.662471E+00, 2.432963E+00, 
3.307690E+00, -4.690416E+00, 2.448421E+00, 
3.309419E+00, -4.718839E+00, 2.464140E+00, 
3.311147E+00, -4.747755E+00, 2.480126E+00, 
3.312875E+00, -4.777178E+00, 2.496387E+00, 
3.314603E+00, -4.807123E+00, 2.512931E+00, 
3.316331E+00, -4.837607E+00, 2.529767E+00, 
3.318059E+00, -4.868645E+00, 2.546904E+00, 
3.319788E+00, -4.900255E+00, 2.564352E+00, 
3.321516E+00, -4.932455E+00, 2.582119E+00, 
3.323244E+00, -4.965264E+00, 2.600216E+00, 
3.324972E+00, -4.998701E+00, 2.618654E+00, 
3.326700E+00, -5.032787E+00, 2.637444E+00, 
3.328428E+00, -5.067544E+00, 2.656597E+00, 
3.330156E+00, -5.102993E+00, 2.676126E+00, 
3.331885E+00, -5.139159E+00, 2.696043E+00, 
3.333613E+00, -5.176067E+00, 2.716362E+00, 
3.335341E+00, -5.213741E+00, 2.737096E+00, 
3.337069E+00, -5.252210E+00, 2.758261E+00, 
3.338797E+00, -5.291503E+00, 2.779872E+00, 
3.340525E+00, -5.331648E+00, 2.801945E+00, 
3.342254E+00, -5.372678E+00, 2.824497E+00, 
3.343982E+00, -5.414627E+00, 2.847547E+00, 
3.345710E+00, -5.457528E+00, 2.871113E+00, 
3.347438E+00, -5.501420E+00, 2.895215E+00, 
3.349166E+00, -5.546342E+00, 2.919874E+00, 
3.350894E+00, -5.592333E+00, 2.945113E+00, 
3.352622E+00, -5.639440E+00, 2.970954E+00, 
3.354351E+00, -5.687706E+00, 2.997424E+00, 
3.356079E+00, -5.737182E+00, 3.024549E+00, 
3.357807E+00, -5.787918E+00, 3.052355E+00, 
3.359535E+00, -5.839971E+00, 3.080874E+00, 
3.361263E+00, -5.893398E+00, 3.110136E+00, 
3.362991E+00, -5.948262E+00, 3.140176E+00, 
3.364720E+00, -6.004628E+00, 3.171028E+00, 
3.366448E+00, -6.062567E+00, 3.202730E+00, 
3.368176E+00, -6.122154E+00, 3.235324E+00, 
3.369904E+00, -6.183469E+00, 3.268853E+00, 
3.371632E+00, -6.246599E+00, 3.303362E+00, 
3.373360E+00, -6.311635E+00, 3.338902E+00, 
3.375089E+00, -6.378675E+00, 3.375526E+00, 
3.376817E+00, -6.447827E+00, 3.413291E+00, 
3.378545E+00, -6.519202E+00, 3.452257E+00, 
3.380273E+00, -6.592926E+00, 3.492493E+00, 
3.382001E+00, -6.669128E+00, 3.534068E+00, 
3.383729E+00, -6.747954E+00, 3.577060E+00, 
3.385457E+00, -6.829558E+00, 3.621553E+00, 
3.387186E+00, -6.914107E+00, 3.667637E+00, 
3.388914E+00, -7.001785E+00, 3.715411E+00, 
3.390642E+00, -7.092792E+00, 3.764982E+00, 
3.392370E+00, -7.187343E+00, 3.816468E+00, 
3.394098E+00, -7.285676E+00, 3.869996E+00, 
3.395826E+00, -7.388053E+00, 3.925707E+00, 
3.397555E+00, -7.494760E+00, 3.983755E+00, 
3.399283E+00, -7.606112E+00, 4.044311E+00, 
3.401011E+00, -7.722458E+00, 4.107562E+00, 
3.402739E+00, -7.844186E+00, 4.173717E+00, 
3.404467E+00, -7.971724E+00, 4.243007E+00, 
3.406195E+00, -8.105554E+00, 4.315692E+00, 
3.407923E+00, -8.246211E+00, 4.392061E+00, 
3.409652E+00, -8.394301E+00, 4.472439E+00, 
3.411380E+00, -8.550504E+00, 4.557193E+00, 
3.413108E+00, -8.715592E+00, 4.646738E+00, 
3.414836E+00, -8.890444E+00, 4.741550E+00, 
3.416564E+00, -9.076067E+00, 4.842168E+00, 
3.418292E+00, -9.273618E+00, 4.949218E+00, 
3.420021E+00, -9.484437E+00, 5.063420E+00, 
3.421749E+00, -9.710083E+00, 5.185615E+00, 
3.423477E+00, -9.952387E+00, 5.316787E+00, 
3.425205E+00, -1.021351E+01, 5.458102E+00, 
3.426933E+00, -1.049603E+01, 5.610947E+00, 
3.428661E+00, -1.080305E+01, 5.776991E+00, 
3.430389E+00, -1.113833E+01, 5.958263E+00, 
3.432118E+00, -1.150652E+01, 6.157259E+00, 
3.433846E+00, -1.191338E+01, 6.377084E+00, 
3.435574E+00, -1.236621E+01, 6.621668E+00, 
3.437302E+00, -1.287439E+01, 6.896063E+00, 
3.439030E+00, -1.345025E+01, 7.206892E+00, 
3.440758E+00, -1.411028E+01, 7.563044E+00, 
3.442487E+00, -1.487728E+01, 7.976778E+00, 
3.444215E+00, -1.578369E+01, 8.465559E+00, 
3.445943E+00, -1.687771E+01, 9.055310E+00, 
3.447671E+00, -1.823458E+01, 9.786518E+00, 
3.449399E+00, -1.997999E+01, 1.072680E+01, 
3.451127E+00, -2.234390E+01, 1.199986E+01, 
3.452856E+00, -2.580698E+01, 1.386425E+01, 
3.454584E+00, -3.161487E+01, 1.698998E+01, 
3.456312E+00, -4.472136E+01, 2.404132E+01, 
